-- phpMyAdmin SQL Dump
-- version 5.2.1
-- https://www.phpmyadmin.net/
--
-- Host: 127.0.0.1
-- Generation Time: Mar 17, 2026 at 07:25 PM
-- Server version: 10.4.32-MariaDB
-- PHP Version: 8.2.12

SET SQL_MODE = "NO_AUTO_VALUE_ON_ZERO";
START TRANSACTION;
SET time_zone = "+00:00";


/*!40101 SET @OLD_CHARACTER_SET_CLIENT=@@CHARACTER_SET_CLIENT */;
/*!40101 SET @OLD_CHARACTER_SET_RESULTS=@@CHARACTER_SET_RESULTS */;
/*!40101 SET @OLD_COLLATION_CONNECTION=@@COLLATION_CONNECTION */;
/*!40101 SET NAMES utf8mb4 */;

--
-- Database: `python_lms`
--

--
-- Dumping data for table `chapter`
--

INSERT IGNORE INTO `Chapter` (`id`, `title`, `description`, `icon`, `color`, `sortOrder`, `isLocked`, `createdAt`, `updatedAt`) VALUES
('chapter-1', 'Cấu Trúc Dữ Liệu Cơ Bản', 'Tìm hiểu về List, Tuple, Dictionary và Set trong Python', 'fa-layer-group', '#3B82F6', 0, 0, '2026-02-28 06:57:38.565', '2026-02-28 06:57:38.565'),
('chapter-2', 'Hàm và Module', 'Học cách viết hàm và tổ chức code', 'fa-code', '#8B5CF6', 1, 0, '2026-02-28 06:57:38.569', '2026-02-28 06:57:38.569');

--
-- Dumping data for table `classroom`
--

INSERT IGNORE INTO `Classroom` (`id`, `name`, `description`, `code`, `teacherId`, `createdAt`, `updatedAt`) VALUES
('cmmrcte7c001e6utn7nlx08pe', 'Python chiều thứ 7', NULL, '8PTNGB', 'cmm5yy9yw0000hu5x013xizhb', '2026-03-15 06:08:55.080', '2026-03-15 06:08:55.080'),
('cmmt0mzx800097nmxjx64nh0n', 'Python tối thứ 7', NULL, 'ZVQ2TZ', 'cmm5yy9yw0000hu5x013xizhb', '2026-03-16 10:03:33.595', '2026-03-16 10:03:33.595');

--
-- Dumping data for table `classroomassignment`
--

INSERT IGNORE INTO `Classroomassignment` (`id`, `classroomId`, `lessonId`, `title`, `description`, `type`, `durationMinutes`, `questionHtml`, `questionDocx`, `answerTemplate`, `maxScore`, `isPublished`, `createdBy`, `createdAt`, `updatedAt`) VALUES
('cmmrf3ok90001akdvi216pf7e', 'cmmrcte7c001e6utn7nlx08pe', 'cmmralrck00116utn4i77xgvh', 'Bài ki?m tra - Tuple và Dictionary: Cấu trúc dữ liệu có tổ chức và an toàn', NULL, 'test', 45, '<p>CỘNG HOÀ XÃ HỘI CHỦ NGHĨA VIỆT NAM</p><p><strong>Độc lập - Tự do - Hạnh phúc</strong></p><p>Ảnh mầu</p><p>4x6cm</p><p>(có đóng dấu giáp lai của của cơ quan xác nhận lý lịch)</p><p><img src=\"data:image/png;base64,iVBORw0KGgoAAAANSUhEUgAAAMwAAAD4CAIAAAAvq54eAAAAAXNSR0IArs4c6QAAAARnQU1BAACxjwv8YQUAAAAgY0hSTQAAeiYAAICEAAD6AAAAgOgAAHUwAADqYAAAOpgAABdwnLpRPAAAAAlwSFlzAAAh1QAAIdUBBJy0nQAAvF5JREFUeF7tfQWglGX2Ptbq1u//i5XmcmPyJi0h0kiKYGF3d+e65lprt64FKooJ0oo0t6b7dndO98z/Oef9ZriAwgWUNbj77XXuMPF973fek895zlHxeLzPkZ8jK/CzrgCE7MjPkRX4WVegz8/66Uc+/MgKkKk8sgpHVuDnXoEjQvZzr/CRzz+iyY7IwM+/Akc02c+/xr/7bzgiZP9xEYjF4zh+7Ef8a/Lo/dnu4zN3fUivXtT77/yRVx4RskNaQtykaDwWpd89JCVx6/h5/Kv0AumbYvGYJFf490g8HuYDj5M/eEckHgvzEaIjTkcsHo7R68VX7S6a9Jd4Bi+gAy/mB/wcv0P6ArwsGsWB/+Kf8bn8op/354iQHfT64jaRAEXiUUgEDjyW7j39C30s/ikUD4fjEf5XSQzwKByJxXCX6f+QG4hRMBbDU3wmJAR4RzAe9sdDvnjIi9+xsC+G3yF/LBSIhYOxcDgWCePtQrDxQXF8EskNn0g8HI2FovSZkFF6DueB10bFSeFRhA78C/45yG/4uX+OCNlBrHBCuugG0b0joUoK2C4lQ8oCMkQH3X76C7KE+xuIxIReItnAk6FoPBSJB8PxYCjuC8S7uyONDcGKCp/d4bVYPEajW6t3a3QerdFnsPgt9mBpRbSuId7ZGfdDBAOxUDAWCkVD+Gj6RCFrdE6s+FiW+TlSYKTQpLNlAeTjZ7eZR4TswIVMsjikjliTJS1RD1Mm7BTdYdxi6e6SkNHf0ELhSCQUDfrjPn/c6YvXtkR1Rv+G9R1fLK95963y558pfeTvjnvusN96s+2G62xXX2W9/DLrZZfZL7/ScdVVJddfU37nLTX/uL/6qcfr3ni187Plgc1bYraSeGtn3BOKB0hBQdigPKFgScbjsUA8BPmlf2Ahw4nhnHlT7Hb6B74QvX3HESHr7Urt5i3zrRIeENyaXS7VHm66+BMvhlIJw0wGyfz5nLHupmitI1y4tePjpfZHHtFefa3p7LNsc6ebp47TTRiuG52lG6E05MpM2RnWrHQcNnWaPTMdhy07zZqbas7DkW4eJreMzrNPnmibN894/sWmO++rf/fDQKEuWt8SdfpifpjUWDAKo0t2NxAPRuhMWWmxkPVw2Y5osgOXgZ/7HUnvOuG/k0KAloCLQxoiEQXwjYTKikbhgvl90a7WYE2pK39jxyfvVd91o/b0mQXjh+vH5OhyZdqsNLM6w6FMd8hTS2QppfKUckVKhWJIuWJQmWJQiXxgiXyAQz7ArhhkVwy2ywfRoRjkUPGhHGhXDjarUvRZGUWjs3dOHWe55Oz2V59yb10bqnFEPe2RgBM6DOpURBCQLRZ7qDlWwD+7gNHdOKLJDlgmhZCR9hJairwctoLwryBjIhigv0IxnyvcXB+0GjrXflP3yvMlt163Y/bkTSNUhXkyffZQk3qgVdG/RNm/TDGAJEmWUiIfCgkrkQ/mPyFY/e2KATblQBxWFR+QM/mQEsVQh3II/1M/Bx196VD1t6oGmNSDDdlpxcMUxaeeUn7PLe2ff+y3mqJd7YgYovhhV024ghA8cfKH4eeIkB3wIgtNQDGjiNk4BcGOteTWx8LuuLMlUGZ1bljV8Mq/Sm++Rjd3ZtGo4Tq1wqxKtyqHWpWDLapBFvVAm2oAVFEpRAoqSjHEJh2D7MqBDgVU1EC7iiTMJiRMhScHl8pSymSQRYgaXjbAqupnhXipScKsqsE2ZYpNkWZTZJiUMm1epnHG1JI7bm//fHmwrCTudsXDIU5esLuPABQRKry2n1+ZHRGyAxYyNolITHCMCKcegWKQg0hKHfij3c1eS1HL8g8q7r/LeuYC08mj9bkqgyrdpkqHrirLGFwuH1IuG1wmGwJBKcVvSIwsFaJTIh/iSByQuVJ54pBBsUlHeUZKdVoqjsr01DJ6y2DIItReqXxQmXwQf0gqhMyqSLcoUm3KNKtSZs7NLZ01r/bBh7s3fRfpbKEMCDRuVBwUXR4GbXZEyA5GyEgPRH2xaICcsQiOEPnW3Z1BXXHj22/YbrjWMGemfnSeSZ1hV6Y5MqB4hpbLU8syhlRkDKmSD61MT6nMSKnIYJ0kSy2Rp8FKlskGl0MEMyB/OAaV0zGYxXFwmVz6jbfQe9PFe+G9QRAHiRdXZAyqkA1hyUtxKFKsCqg0fN3g6gx8tdw4erTh4gvql74Xbq6LhzzIolG2jYIRSnscxBIc0FuOCNkBLZfIl7Iug8EU0WLIFfe1hystVe+8rrn4At2Ek23ZOaVyOPJD4JLbICLK1HLF0NL0IeXpQ6pkkLChFelDWURSHPIUuwIH2b4y+YBymTgGlsnFQfoJMgRJ4oOUVglUFx/QYQ6EBQmdx7I4EO+tyBhYIRtYooSSG1yW3r9GMahCMdghH2rKySyYMc3x6EOR+tJ4xBmN+jnni13ys/8cEbKDWWLKfME++oOR9ha/vqjp1eeKTp+VPyLLki0vU0KAEBiS3Fhl/eBXWeV9IRwVypRKJTQN7jd8rxSrEgecd7KJLB+IIgdBaPgg+eBjCA6YUTKsdNCLWbwozLRBgukTSFLZUSNdiBfQv8KlI6EcXKZKscsGlEJwWUyNqtSCUTlFF5zj37k11tkZCWOXHCkrHYwA7O89lHiQCnyc/OZUPD+1K6vF2XGp4Cf+S0UcTmWSpx+NB0LR9k6vTt/877dsl5yvGTvclJlqxw1GSEgB4EBkGciRgvOu6mdX97Mr+jnk/coUA0shIiRMkhixhMHSkVMFnYTn8bvHIV6J33D/B9hU/UsU/cvk/coRkyoGWJWDLCpIaqpDAZcOLpoUDTiUOAe8bEB5BoLWQaUKcgRJmSEaVQw0KlMMI4dZLryoe/XaSFtbBIImvH/4Z5zK4ySutBqSzhZVjf2t6z7+/Xehybhmx4aOf7iYJyrQnIMXxWReSBYuSnpRthyvoTIfpSfgggUpnAwhFxB3OgN2e8tnnzhuv1U3faolS1Uhg580oEyGVNZAi2oItJRdnloOZ0gG+RiAGBAyAWUmbB/pOfj+dJCzVUqGUthB1j1CsUEnkYMFzQRNRt49JyyE9PQvlw8oVeAxnqSYFE4YXlbGqg4fVYp/lQ/Ay+gQX5dBL4Dms6oHWSHNSpkub4Tpksvb1nwT7mqLhJDLwyqgthUIx4KhWBhVMCm9TCtCayVq/Af987sQMlGbpsR7Mr9FMoW1g72A306QhF1ZcFpRjvKpJIP4MYINjpCMIsmwP9pe79y6vuKxBwwL5yEroVcpS2QZFWkpFemkk3DXrYohdqS7MtKq09Kr09LKZUOR/SrL4AP6JiMNv9nZHwr3nNIWqsFWzoRB+TlgTOG5S/FmGl5cjiOdflekp1Zk4I14F70RogOnvjJjYGXGgIoMWMMB8MMg05DLEhmMbIpNOYg+k7wxGFOcA56BkA20KfpXyVOsMlnxmJMM117d9f2GaHcXpTbiQWwlqnfRnhL1fLE1f4LS0+9ByEiesF6QMLggVFsRIsWRIaoukpAlZJDtotBueDlVsbHw4TAcZV+w0tGw7G3dNYsLJ44w5MjN6nSLKs0GsUgbXJE2BAEjHCP25REzUgxYDeETYSAf+CeYNkplIVWmgMIbDPtF/hOpqAEwsg4oLYoGIBMi5EwrIbmEUoSQkZzhQYk8HQeerEwfUp0xsCqjf6WsXzlsqLw/Bwd4O2UxYEnNathTaEERw+KsBtvUA6yKEytkAyrlQy1KhXb8OPstN/iKd8b9zlg8gC1HdVahtdh7ENVXUu8JoTs4Zfb7EDIq+dBuDSSFLFEnDhIaJ2ELhJyRxeT0F0ElCL8TA8Chq8u9Y6vjH/fmz5lSPEplVuNGplgUg4zKARbVwFLl4CrZkOp0RI6kpShgVMIZ6lsh64toERqOEqcKuuUwpnTvMwcjs0rmD46arF8FpETWr1QOT4vSrZSSVUIEWQqV7PsryPGH9iLvnvRZKnIieEw5DoooYRxhIum9QsQhpvQJqkE2fgZCxhYTtrWfQ92vUtm/Mr1fNV6pzNCMH13+2N/DdSXRqBu2krS98MgSxVnJBCQraAclZb8DISO9JRBUJEKQMxhCyXbC6WJ9xRoOgoUiciTmDcZ8yCKRI0IOm88bKrV3vvOm/cwFuhwllARrkTQYL7JK6sFmdT+T4kS7vF8p+VKUU+VM/Yklqv8pUf6fXYHSkBAactKh+VDwtmfLbPidk4ajJCe9LDcDR0lOmiM3zZaTZslJM2WnGbPSjJmpJnWqRTlUqEYICqQK3htFrCgYkJ2l6JJqnZx1SyTV2C1TkOSxewedOhRalt8L379viexvFYr+5Wl9K9MH2rIyCqaOa3jz2ZizMYZs3y5/QoKfJTCPIig6yJ/fiZBJlWGBMYRao7IjPFooMcm5J3MY9Ts9TY3dFTWhdnfMFwZABlU/184tFQ/eZZwyDiJSKUupSh9SAcVABzlGDtZSpSroLVgr9rXhmysp+rPL+1uUg0xZQ43DFIYxOZoJI4tmTDQtXlBy9cXlt15Xcd8dFY8+WPnE45VPP1n1r6ernn6y8onHKh99qOLBe8vuutV23ZXGi8/VnDGncMbJeKNxVLYlRwYjS7oKYaYSRSSSM7sS9pfkrwyKCnYZvj9FDxSBVshgRvuzozaYUriQQgo44LENKFMj/u1XphyIvAYMNOx+wRlzOjeujvvcnJ3l+iujmBISJuF7D1LEfhcF8kTKQoSLUGfIokLUqJANDQYAFrRXyB/paG03aCu2b+2uqo66/XFvIFJb3/b1l5brL9edlA2dUZ4+oJpS8FAe0FWI0QbhnuHmVabhFlIgSZpD3t8hx+0fasxW6EePMp86w3reGRU3XdH46P2Nrz/f9NnS7q3fBUzaSGVJrKkB4MS4xx/1BWL+EFJuca8/3u2Ot7ZHa2r9VrMzf0fb+tWNyz5ofPGZ2vtuK7nsPNNpM/WTRmuBAspMtahRIyfxQhBaQiqKrCq8OjK4FKsiAoWE9ee8LsQOsSdrOxkpPPxJAQriACWHrvIU3ehhlrvvCNltsWCAa04EguPsjgSpFSDyI0K2rxWgFSJbCc0FzyyEA04uYin6L3BXHp+3prZm7fqKr1Z0OawxnzPu7gyVWBvfftNw9pm6Edk21RAAJSBAMFXI47O7g6xVP9zLCugJZPDhjMvSUTE0qxWmkcNts2fbr7yq4qmn2j9b7srfAYmJ1lbF21viHmc84MeNjFIcQeZbYGcZnCrScFAk2Ag4t2AMrwTw1dkda2oMlZd6NEXtq7+pfutVx323W889w3jKBFN2lg11BTmsNiSMcrmUv0DShGSIig0IJrj0DvMKjxBFUtoMVenwz+C0pcAKW1R4gAQHvMAM86mzm999J9YBo+lHVVPIGCcIhZOWQJQflKD99s0le/OUEyOnluGhwClzZOmLB92x7k6P3mx/+0PHh5+67faYtyvmRhJ/e81T/yieO02bp3aoMspQecSmx90iUBcjJgDkUovKNCxmul4uL8jLK545o+z66xtffLF7xUqfThdsqKXsQAClJ8Az6IBcIX5D8lM0hBACnzUFg/6DkSjiOwHEJnyHQEbT7SZFS+DsqNsXam0NlNo9Wze2Lnmn8s5b9LOm64ZBy8rg2kNLUYSRgSQI9FOqHQEsQksuJDBSiNIrsO8QMogaBM6mQISLMBa6eWBZ+hB77jDrNVd1F22JB7opFkpgaFn8D0GJsVD+9oUMNxL2EYeEZJVahJAg6452VDd/uyr/gYfKXnnX7yiL+1zRruburRtst1ypPWWkOSfDok6xkDEClpCjOeROZYTMQSIUtsakStVlKQtGj9Kefnr9E493f7suUGqLdjRH/a5wyBsOw/SQi8NpEJEMoDSKOCgdRXlOqSUJQA4k4yjuYOA0PyuBV6XATqSrKHkXjgU8UWdLsNrm3LCi/qH7bHNmWYYNsypkNqQqFKllnOKHrkKoAUcN6TRsD4FIwwP8CS8NMQqHokj2EnCtgreKYcaUuteeizVVU0lTCNmhy9fvRMg4IvfTIXaluOs+X6jSVv3Gc99ec7Hj9RdClQ6goqMtzc6VK60XX7BzJAAUwKlCmAZAadlV2PHplRkZVelIpZKttKoHm4apNdNO0V91Wd2br/m0xdHW5rivOx4BwMEXQ6cQSRGVooTOInRsJIQaTqLnJFHDEnEumchER5GEgpTaPQgNSUpNPCuB9nH+1CgAuxbsirZVu7asrXrkPuA+jLlZdgS/VEpCmQFihCg4pTZ1cKUMJYf+FnV/uxLRCZXeeZ/AmKIkwHkTDlT1w7PsV1zk2vpd3O8WnSgJOTvEqtKvWpOJVSB/lC0hJw2lNDX5E6wnpFfASCKSZA8oGIq2tXVt3mS6+441Zy+qePu1aF1Z3NsRqippXbbEtHBuYZbSolY45JCnlDIUsGEfYSuRNM9A3jXNnJmuGZOFcrjj/nvav/oyUlYWdzsJ54P4n8wgHWyWpZ4hMo9Sv6TIb8Klxokl7l9SW/zgM1LeIFlTZdeInXB2lfBBsMRIJ7vijVXdq1eU3HyzbuIEo1pmI407qFI+uCp1QE06hAyOGoDapL2SgA4RCCPZAX8Or7eTl5Zmmjah4Y1nws0VVP+Xlpe+6hDhQL9acynpACFF5HfBMonchHC+uFxE6M9dPY74N78/UlfT8ulHBZdd8O0Zp9W89Vqkrjru7g6W2urfeEG/cKYmF0n8oXYlJdzL5FQUQjgJ+wJHB7qteHSudt6Msntua/3qK39ldcztQ6WcPChEq1JjpXCQRaE0WZkRj3aPzpLP/eCDH/ave2ZGRVseeXckx9hCHpffoGt85hnzgnmmYdmlCvheqJEjzKToEslbOsjoU0mUQUGkyaDPKGggf47aC4wjVZZbLnLrN8cDbsLQ0v+gY+EpHhKC9tcqZCRjomlQkimpO02Uujkion8nvcFlSArLQ4FgeWnta68WnnHG1tPmVr79aqSuIu7uCkHCXn5OO3+abpgMThiCR86z011B5glGE3+ahymNs6aU3n1L8/IPA1ZTvKMb1WRCw/Im58ZayXfaJUqHlL/8ESkTe4o+mWplJGECNIFVQNzscUXKHe0ff2C+9EI9shKoV6qG2NQpjoxBALQhzSFQQ+yWCXQalbNK4GUCTUlVBHSjpBYvnNb62ftRZys+kbPRtH6sOg/+59crZBQfos8amoRSXglXpmcJnCD3sRjc7yBWyu8LWIxljz6UP2P6tjmz0LEYqquJe13hMkfTy//Sz5mqyZEh3cqIhhQG21DeHAB8Q3Zq0eRRjluubF/+gd+qj3a0Uf8tfHTROptAwXBvxu7Fl59HyBJwaVGQpbIEFbdxQBwi1LoSbanr/m615dori8eN1mbJzco0hAIUr0BpUS2LAbcZAtxBrVBlSNgikZaBq04xqlK0E0aUPnRvqK484f4zzunQOgF+xUIGp4SFjJBQLGRYC0JEQex4D5KDTzh2GE2vy7t1s/m6q/JPGaOZeUrDGy+G66ribl+korrp2Se1M8Ybs9hEylJRhK5CBQZILOUAc9YQ3Ri15cJFzR+84XXowq72UCgYIegGJSEoG8E2RHjFwh3cTa5+NiGTiteiJ4phOX5EMiInQnhdf8zd4S3YarzlhoJx40xyBcWYhFvsB3CbWY2CKXWjiLYouGiwp5Wc3bDLBlmUQ4xZSuuF53kLtxDolwsACXDZ70+TMTgsgaYT95oAFlhqH+GiIHmQOegbfyDW3OhasUJzzuKCkdlFM8ZWv/JotK407vZEqxvqnnm+YOJoPcrVqE9TNjy9WpZag4RFRoolV2maO63y8ft8BZtizrZYOADXK8hQGDbCUvqIfBb6KraXh0vIOJwRKTYKBXAuktPEyTcOR8Nxf3fAUGy56hpj7ogyWXp5OgrwfSFkiDFR9AQSBDqboGbUH8Dxpgzlc+7rRHAzfWrt0rej3k5uX9iLDubAhe3XqsmkAI33GeNysOQwGh4cQK0Q4wRugN8TKbW1vvayZtapxaNHFM+c2PTSE7F6R9zZHi4rq33q6U0jh+myU9Eii7C/PB0IVXhgg/VZMuO0yVV33O76ZmW0vj4eQOGJK3mUvKLQkBknhF8kYSCFg3h4zGWPeJT9UUFvIfSNgJCQksUvlKq6o8WF9vMvsmTnlANipOjPTZr9zWpRUELJnISMnbP+JYhAAfpAlJAxVDMsx/z3O6NNVZyVPeR8/684GStMJLtglDInCwYkMZLmVIyMwlvzOgMWXd3TjxlmTC7OzdROnwTvPlpZEu/qCJnNlY8+UjzhJL0ScTsD7bGh5ch+DSwen2W+7Jzmd94K2hwxly8SAGSRu3gRYxE9D3HpJHkJ9hMX/gzmMlmx5rSNRKJCp0cNeQKkJLUcU7sbmqlcbd4Nq+1nnKHLVgFhhn506C2qMimpx47xtxK8m9CO3HiHxI0+S2657PyQdjtZXq74SvXyA9dh4h2/Wk1Gq8lBNmWkhIWQSkYEWfG6/QZt9cMP6qZOLM6V7xg3svaZJ0KV5UBO+622qkcf008Ya4RHrByKbmyLYohRNdiYm6KbPqrk4Ts9276NtjbGAkFYxgD795wsYOIS5ngSubm9j4O9BQfyPhE48xkIFUMCIOXeSMBEJZsdCZwoNpsn2lbT9uG7xbNnGgDiJSwkVBfVNFmBUf4MoQAKGAJSKyJQU2aaaf70ji8/igc8UneD1PRwIKfa47W/ViHjEg30FarcVGwmVUbZSeSMQjGPM7Bze9lddxWdPLEoV10wYXj5I/cHkXdwdgft9opHHyucNAE5VQuQ+IqhwIfpMzMKx+aaLl7U/P7LwXJbzN0diwRhcJk8AuaROeMojpPiyUMrFh/kfdr1tmQuQTQl8NZC4Z+3A3kN/Ax3KCDcxOIEu8MN5TXPPa0ZO96gUgCRW5ZBMEmq91O5idrWqSEv0W+MkBNOm3bCsKoXnox3dxDAjj6aPuqgQ8xftZBRdAl4IQmZaOMOhGJd7Z5tG8uvudI4akxxdtb28aNK77vVbyzGekVKSuqffFJ7ygQdoDKZ6NsZgBYjfZ7aMHN69T/+7tq+BQ3W0VAwzDB3rmlTSzhR43C4KiERemRbD1leDuIDpBRZMtlLMTRBloSLzlwJEsmiVBylvRF0B41623U37hw+DPVWlJIA2S2V9+PmOSDSRLMdwW4JvU1l2QGaEfLS+26LVVWSf4t9jCrWb1LI2B71NEo9bgmHk8Ifg6kkNUbCEIi2NjlXf2W/8hLL8BxgE4rHDLfecp17x6ZYV1u0sa75+Rc0p0w0QIdloqfoRIu6n36kynreWc3vvBsuq4r68H7KoOPzJIIvqhkwE+KeBasfsZe7O2E/j0tGV7tb/l1k/kUuWPyImgeBhtiFhMcGer2urtavPy+YN8uYJStTArb0N7uiL2HEOcZkzgRIGNUDYEaB5tXlpduuv8xXXBz3okGL/d3fmpCxIWAfi4xUosMoUZfkFaQObqrmSFVCVCRjDbWdy5eaLzjLODy3RKHQD88B3hAgwVh7KyBZ9W+/WThtiiFTVqIcWKLub8gcWHRyXu19d3i3bI61dyNd64+KVFOizWRXOTThg/2gI/bjrtnPJmQc3YoqLYtUT7gEPZkMiRikhto8G9JQtKWh7LGHNGNHmqm7pK9D0Q9lWQSYFUBcEpECd9QR9JI6Rg1ZGbrFC1tWr4x7QCZK4CiOqg/y5xdpLtl9ZZeIgFTQJRzace5TCtTx7zBn1CBIrwVOuqam88P3becsMOYSDN8wLM982UWd36+KtjdGG5vaP1hSOGOGblgW/DCrYqB+WIZp4ayWN1+JllXGfcjdkgJDYYDpU/b+Oei1Pchbsr+39e58RKpD9FwJFEc45M/PLzrrdG1Ohl2FrBg6ANBRN4Q5E1BAQ0lAlMwBb0wzq+RFs6bUfPhvlN04252A/O/v5H7w33+RQiZyUBQ4CrQoISgEhW4y48l4Bq5chkORxrqOpe/ZzzrdNCzTrkrXZcqKFs/vWLks1loXb6rv/GSZ+cyF2myFUZ2uz5Rrxo+y3XRF94avYy0NJGH8uQLEKKUBDmodf3FvkhQpmQIpaY9scmtz7XNPF4zIMWGzqRFIDqxCdjCdm6BIyCgaIIspS7UoMgqmjK987bl4WzOlb/Yu8B/IBf8ShUwKzxMFDZEOE2TgPVF0tIyAaTXUtX7wlu30WZZsKj5qsuUFs6c0fPJuuLEs1lzf9eVn8Lr0w1Rm4KVyVPp5s+uee8pv1kaBgAVrqwAOkk/DgBYW4wNZvV/4a+nKkoAncj28rpC2QH/aHG22zJgFmoyBlWnUpiBcsaSQoR3LqswonDim/MmH4wCOc6rwUFbmFyhkwreVWtTE1YkKEqEORP6AfhFGNNzU3LTkXeOCGdYsgEIHwqnfMXNy5SvPBWurYm2NHWu+Nl56rnZUpl6dYhyVZTr3jI7lH0Ybq9EIjtQ9RQuUFyeHQ8q4HRLU4BclcNKCSf6s5KhBUwexLK1PPbF1eJZWNaRUSbhZFMvZ66eGK0mTkZCla8aNKH/gzrDDyq7KIe29X6CQCWwhX5jYP8K9kFQO/Svhk4P+SG1d83vv68+Yp8lLBRmJVTVEN2FM2eOPeEqs3Iu7zX79FUVjsjU5GYVjcm3XX+mCi9bVGA754MjS3qRon8oviCk5CvsJKsG/GEGjzAbtQkHTL9aQNiaiG49308ZtMydr1WmlSm7s20vIgC2zKVO1o3PAP+rTFlHnzaFtv1+gkNGqiPKvSGHQEiVdfurIAGW4O1hX1frB+9aFp+tzlZYsdNgO0I7JLr3tFndRUdTlClktjvvuLpowuihHUXDy6JK/3+MrLox5usLRQJDqAyJJAZcfy0fc4xQ9HKJz+4uRr0TMSS4/VzITfoYweMFQuKqi8p7bNVkqO+A95IEJXio0kDJTC0EagUkZqh+usl91qXPblniQIf+HoMt+mUJGCyUwxlw15PSVcC4IC+EGr3PDv183LVxgyFRYMgajCVE3QmG/5pLu77+LtndEa+pKH3qgYPL4HcOyNbNPrX/15SBA0mDMh3yKJAV5edx/CY2YaNf4KSAtvxxB4xwtBeiJfhChyXCC2KWuzs5PP9KedBIcLxSRBB0Qkv4kZNT5ByGjDK0xR267YHH3xg2SkB3Cxf0ihUxKPnELhtTAw9ymUDdBX7iuomXJv/WLTtPmZdlU6KtO1eUpzOcs6Pz8oxj8rZqq5jffKJw2OX9knv7MM5reez9UUwtCJAlzJubCSOAvYT8YlpWsGh3Khj2E2/BTv1UImVQFkCCHbB0oPxv0ewvy7Wefo89Sou8SNXJBnceaDEVMEju0Lpuz0qxnnd6+dhU8E85QH/zPL1jIeFgQ52M59wj3POyPNNW0fvSB6YyF+my1lbhrMvTZCu3c6Y3/fi1cVRJtqOxc+p5+wfyC8WPNF1/Q+vmnkebmKApFHDdSdMoICqy1iJeEG0YdIJIXKJ7+DfywF0ZFR7pC/iW5ZUTxgVJAVVXNI4/mj8jlpl8iYSSqPeLhJj6zUnQLKwfCPpjnz2pZ8QWEjKPvg//5RQqZcMWk6i93aMBYQsLaG1u/+sy4+BxDDholUrEWqMRpJo6tfuqfQYct2tzQ/s3Xhksv2jlxnPm6KzrWrYh0NENKeegML7qgT+RfQthERVLgw6TSzKGFUQd/H36OdwowBtDnrNZ4UbnPBk5pZ2f9so92Th6PDgCMpOAOOSIBFUR8+A3YGYjTLLOnN3/+aSzgZajPwf8cZiHbCz76A2dOnqpwxaTEGGmxUKyjtWvdKtPll2pGDENbPaHtFAPNwxXlt1znLSqMtbU5t24z3nr7ltmzTLdc07V9fcTVypkwsQkpXOVcKzkmiewRISwYJ8NPJWLZg1/LX9Q7pWQs+bViFolU70XqBhft8XZt2ahffLpZDQYGUmA/KGTWU6c2f/pRzOcRzVgH/XPYhEzEiFRzFhuLbr0wV8JuJY4kfAUcT7z/+E3OTt/335bccFXR2GHgLS9VpIOyS5+TbrtgkXPNV7HWeq/JYHr4kU2nLzLdf09X/paouwNoKhrORkEqqa1E86NYKN7U9FvqZCQh+61YyoQoSI6tiHMSyDME1ECuoCkgGCix2G+/XpuNlSSsIhF1E5UB0RpwpAls4xDrqVOaly1BY+mvRZOJSBopF1BQEFCadFoyVygWhCMgKfKTaA5Zh7m6PFu/L7/+Kt3ILBPy1NRTPxRoAsPpc1qWLYk0VvirLPbnnt583mLr4w+7DUVhn4uxOmwTyddlgqgfLowciqdx0Bv7MLwxkV3khRX7lgFh7H8SFWAs3NxU9ewT2jG5mJACISOyTypoEv8ZTASMJlF0Q8g+WhJ3dR/i5JLDpslYdzEnkeRdJ9RYApsuZfJFgRJNQWEaHRqMObudBTssd91aOHYk3HwiDZSlWNQZuukTa59/OlBii9RW1Cz5d/511zqefcZjM8T8gBxSzRvfxouJ9TlEZX8YZOIn/4rdhCzhISSEjHjVY9Huzo6P3rNMP9msAlyWmsuZ2YDYMZjHAHj/FPPMKU0fLY27XOxzHPyGPJxC1qP6mDCO1FJEBpQwccIVY8ZWlBSRVQjGXN1eTXHZ/XcXjB+py8xwyFKr0sAekGYcN6Lk3ts8mvxIc1Pb2vXaB/5e+u83/eX2uN/FKVaBAGIUnyBmOvj1+clv/2H7QBFgShpcEGkAT06FNDIgsZjb5V+/ynbmfNTimN6MhIxHT0hoH8w0Mc+a2vTJx3GPR/THH/SpH0Yhk+B14rIZXcG9P5AwlgsRaLOcEYIpGPW5gw573RP/1E+ZYMikoVdMSZ9mzcsuuezCzjVfRZpqWzUa4ytvVi39xF9VHg25pWFHUtJDCiQPz9CNg74BP9sbE5ZSMpciumYPgj1i6nbW5Fsuv0CbLRdCxhImSAwIUgYzap4zvenz5SKPfSjnefiETDhl7ByJ8i3zOAgQvcSAww3/zCMSi3hDDXWNb71tmD4V7Kk0KoGIGwZbsuSG+bOb3nkTVtJVZrd/+UXl6vX+2iaUi8IA/TBDuNQUmfDwDs8s90O5Bz/Xe6XwRuBkadkl9hcR7YSCwTK79Y4bNcPUPPdEzEbh4WJkPYeA3tY879SmL78Axdoh2oLDJ2QiO8UJKsp6UY+DsGpiDURBnCGvMcBUO5s6vvhSv+gM8GISH72yXylxpQ7WjRtR8dg/Ag4ryF1rivIbCrYFGpvQVCQsJNx8llcJpSFi00PyJn6u+39YPlcSMkpxiQREIo8jGB3Dofrqsn8+pBmTxzB/DHCFhKHNBNPmaKqmWZ1mWTCnZcXXhDo+JEV2GFviEpqMwhxwlUjdL8Lt56wGhZtwxqCPnB2u79brL7hAm5drloEnvL9dBS7WAcasjNKrLvEX7wg4Oztq6jorK0LdLfEQ9QYSPUEC2y7kVuRGRJriENyJwyINP9OXSEJGmMOEkAlgJieTsNItTXWvv6I7ZazI+/OMRBYy6pMbYsJk6jPmt6/5hlICh/Zz+DSZlJ9iWWI2ItZdWIAEvzlJGCbkAaXz/WbzFVcUjcwxKsFHD1p8tG2hCp5etmi+88vPAAiOBgMRdyDqo3EhPCoE/AHU8sGVb+7Z4QiTe/h/50JGRY3kfuMgUUIIELtod1f7Z5/oZk5CQzkaMMEjSQzZXMpEnxwmoNsXL+xcv45YwHf1FByMuB1GIRNKhVzIRGpUPMPlSUqcRgLQYb78/Krb7tKNHGFUAyKM/A1Y7EFnL9NPPbn++acjNVXxgI/dNm44JNIT4rdEhpFYDIWQ0Yh3zLMR1EeSP3Iwa/Orfo8UV1LxTErhkF+G9aBCLm09uBVuj3v9OsO8mXsIGRLdaIYw5MrLLjrHtek7CBkH6Qe/HIdRyKS0hYCG8SFcsQiaOKDOwBHSBW6mmsceM558slWVjoYtNAAirrYr0w2jR9pvv9mtzQcdK3jGuJSZbMxHRj9EXb5wyaQOXFZuSbzeIazOwa/rf/qddNEkZ0T5LRiu2PknIUP/Ev2FKMsb8G3fbjh9rk1FbFlJTQYhM6tSjMOUNVdeGNi5FeYy6dUd3GUdRiFLJN2FXy7hm5j52Q9jF/EAld/w9qvamdON2XKQTFNWEEyTmLuWrSw55+yOr78MOdtDUULQ8SRtUfDmti8yA9iggThN00XzN0ggyAgfSrnt4Fbzl/MuaWcxeYMkZBKbGuykVK5DP6ZPq9OfucCqRkscUWPwHB0aimhSp5hGZTbefHVUV4y0uGCtPeifwyZkUnJMlL2lVBk3HKGlNhQNR13trjWf686ch3YPM1wxYmfoX4mhHpkpummTap97MVxVR5AKHhIoKKKlsrZYTloEoqtAcpc2rwAnHvSq/HbeSBZDSqRK6oj+I6UkwlGfza4/7ywwmIrhh8yFQSTZFvUQ40l5jffdGXNYxUzMQ8liHE4ho356xucnhIwcKcLixJB3LbUaLzlXMwxdk1Q1A4FWFeBNir76UZm2m2/wFGrjHmRt2aXjBhwhrLuL0S7/64h47XubSBKDUT9lpaZLz7eq06qIexHE3jQYCt2XYGHRjh9Z89ijseoqCBlhig9Blx1OIaOeMwiaGNXGNG586n5PsMxhu+f2HTmZNkUqj+6mkY6AA5hyZebFC7rXrQDDPjNXJoSM8xVHJOmgFW5SyAKVZfZrL8VAsQomXgTVClzhchrgOrj45JMqn3821tIs2A4OxTAcNiFLZAOJUD+Kg/JiRHgeCNdVN7/8/M4J46xqOY9sGUyU5jRSL0M/dWLNi0/GG8qjEWpi22VnRQb7yM/BrsAuIasqL73hSmuOjEYE0zQ7DAiDkGG6T0rxlJOr3noTJBo0VfbQOlIPo5Bxygqy5WPaewqJ4aO3trZ98Ql6bi1qJQinbTwXkmY+yoZa8obZrr7Sq9sRDTpDYFORkHdCuo5I2MHKl9jswgxg5nVVRdnNVxtBXMB7W1QwUbt0gOph7qkNyz+Je9yMmzqkusnhErJESgxOmJ9btSiqdLndWzZZr7hYk6cqoXzYYIzGINJvRDcqmWHmrLalSyPuDs5QoI5OxlUsLf9HJIKO/BzMCiSFLFRdWXnb9Ya8DAumRakIvViqpEYSh0puO/fsjm/Xxf3ISkqFuoP5Jn7P4RIy2jfU2kYDqTjzGvd7fXZb2X13a8fkIe9qgYpGTQM7SdYPKX7tmBEl99wTKi9HVZIiRkLiU6aiR3r1iMU8mJueDBK5akyarOKW6wx5MpMKJhKLT1AXcEjZMpWlV13u0xQSZS5VTg5pSx8+IRNeO7IVPIY4iIGPzW+8VnjKOLBUgKzVDFcgPbUyA9maAdYcpeGshd0b12MCEhI9EElQt1LX926FoiNC9lMIWWVF2Q1XmXKhyWhoAeiJS+SYT5hmzsmquOOWWIWDutApjD+kdOxhEjKqJZHLTxOIAWWKuFrav12dT5R0aVZlP+AsMKmAhWyoTZWqn3ZKyxuvgPWJ5xMJ+D93lsCR4+Y2gRc6Yi4PQsr20GSBynL7NZeZcjIwlQyjJJgRA35Lmm7EsPJ/PhzvaOYWaKoBM+rgIH8Op5AR6yQawOMBV8Cs0V96vjZHjW4Fh3qQg6jkQf6RVqLM0I3Kc9x+s8+oxcA95tUUvdAkZFx0SwbTR4TsYG75HkLmLy+1XnaRJRNFPIzAIapixPWYDqs7eVz1Gy+CpF3yhMlR+cULGbtk3AKOyLKloeqxh/JH55ozUzEFAymxUpr2Ay2dashVGs6Y1/H18mgX5jMEmblVEN+RuBHUInGtRzTZwYhYMq4UD5CMLSkxXXiuVZVGAwnpgO8P2nmZdfbM9s8+jAZdDCkVdMf/cSFL1GN35Uh3PZMAmuPfUBbqcnZ98UXR9KlmdTp64R0YhMHzSisUQ03KIZqJoyof/Xu4siSCiaRUDuDRMjzHFjVvkcWQUGJHIsteS1mPmJxww1KEzh4IYi/94jMxxZepYmkuMeCKRrW8dPFZoc0bIhgNS80/2OeC2eEgf34KcykMF0O3mIqcT4c2CtV/gIqmhDGDf9HwHizMt156qT43F5QyFMhkDARKjmb7KAabs9KNixd1b1gb97nh50t8K4lSm8S3csQR6+2Nlu6KsCEC8sSdW2KwqwBZhXxmvfHMBVRfkSG6p0mrQL4U5sgs114dtVljwF9IBLUc2h/sz08rZARQ5WI/t4NQDSlIzPrgQyTXKhxpqASlvmHsaIdS4UgDhWQqzf6kmcV9kWg2Txxd89Q/o80tzB/5Az8Hv5UOdnV+ze9LRkyJ6JCHfRFcVNA1oDLn9/uLtpsXzrZTQy9uB2jxBpoz++0cm2V96OFoQysSmtKYn0MLs34iIaO7IU5cTFRghIQAMQkwJtz29vba998umDXdqFbY0wZWKVIc6ZRltqsG2jP6mYcpNBcujhQX0WT4Q+uN+TVLxk947j8qZNRVT5oshvmYvk3rLAtmQMjKFEPLUb6UDTSq+mtmjq17+61Yh5OwZ1z8O0QP+KcRMlbNiaT+LiETTeOYrBWKubtc360zLT5Tm5tlo4m4A8rTTyxXoGsZHsAQS2Za0Snjape+F/c4GZly5OfQV0AImcQY3sNc4n7wvYK5cXZ1ffOZYc5kzO2iQZ9EiDfYlJliOnO2a83KGNotGZRAN/fQjMihCpm4lMQ5iHwD9fWxEybohDGL0RN0mCr+fpdpTJ5FkW6VYXJx32pZX4e8v1WdoldnFOflWC6/LFJTjYhSOAxHfg55BcSdkaZfCCEj14U2PcsNcfu0NS17RzNtLODHZC7B60nTu9Itl5/n1xcQY9SumYuHdDo/iZAlqw7kixHAl7jWWCWRyEVjXa2tH75jnD3VoUq1yZDfT61M71slw/jF/kCX61XK/CnTuj5eFvf64JgeCjjukFbiN/ZmKbonXizJ8ScXBslwQPqEkEUirQ21b71QPGmkXQV6EQgZZZH0I7JL77klWF2CqgwRxIk9f2hJyUMVMv7+JPESO/w8VIvoiji+BOQiaCi0Xn6BaZgK5X2bfIAlc2hFBoZLDrCpQYKVqsvNK7n59jDmNsCqSomwI7rskEVeEgsRHUpSwkOiWJPRrQmHGmvKnnm4aFy2HXw+MowqR7lFZpoysfmVZyNt9VAWXFxh03Jo9uUnETJh44VfRgTpKAARayRhFMPxjtaqpx7Xjh0BiBJN7lQNsioGVcnSKmWpcPlNmRmmGad2r1wT63ZDMpn1nDT8kUzFoUrZHkLGcsZCxm1HlLMMBapKLffdWjhSibIecFYE78lU6Bad1vnNV1FPFw3dE+2FCUk76FM6ZCFLpmMSGlXkY6nICHEJun3rVuvnzjap0qn4igIlGmPSBlRlpJemo6cypWB4Zt0D90Yrqyn8jGC8JBpJadbxESE76DsqvbGHkNEz/CdXTxIsLCF/wKo3XHtpYS6G+g6AJrOjmjQsW3/NFU5dYTTkFZT23DTNHbKHYF1+IiETV5YIMrlkAWlxBRx62w3XWYflIXgBSszOI4lrMAUjPdWanmLKVRWfMbfr+9VAxrEzRrOmjgjZoYpXj3shkAWJkgvpL0qRcWgZ97sDO7dg3pk2KwXmxS7HcNk0w4QxlU88HKguBWkX+0B4PQ15lCgDD/bMDlnIdjmFktGUcmQRP0Yb1b35kn76ZLsSwMtB8C5xJRWyoTXpKRXp4PVLLRw9rPSx+8J1JYJqgMMfMR/0iCY72PuZfB8rHnbIEkJG5oX9ECqiRJFU8q1ZaV00z5AF2AXMZSro30ynTkGIFutsFvB4LnBigNp/WsiEMyb5Y/hDJGJxNQGXZ/O39ovPx9RSNCDZMVwdwFdFKrL85RmDK+QDcG3aBbO61n0V83cQWlYwtIH7jgqcR4Ss90L2I4GfJGQUivWIDTnhRa5WBPmL9o/eN0yfaFQTGhlDjM1ZCvvZp3d/uyoecDPZkigV/kKEjLww8vjJDyM8DkQ/GCizV/7zH/pTxpjUQ6wYrQhXTDYU48cA6SknIr8BRaOy7X9/IFZfHYn6gM1IChmTpxwRsh8Wsl3xlbS5RTgv+LtFvCRsHEkW7/dk+oGDMqZ24H+OhVuaa198RjcauXFkYgdaVUONo/Jqbr4hYNAQx4OE7Un0+h+KR/aTwK+lbDKBv5hhIYQpUW2ty5dpFs3TD5OZ1eDkwYy7FHj6IEmkNmWMvlalFs06tXPtBqB7pcmpPD4VGlBQSh1x/H9QythUsFclMpJUJJa6nblezHl8xkZBTFCeo+xFMoFBDjw13yPwxxqHKqsr7r9Dn0294xh+Y8ZUl8njGp59LtbQSKPcScgSlL6H4PKLqzhknyxhLzlxx0Li9wByaL/j9qKTRplUYEgErndAScbgEkzyQVpZMcgq62/Iyyy59eZoM2YpimHHkqQx8FXUbw/5ynpvcH49r9xNyNgzp0QkIaAgF7w3ezxJkFbJlZEiMsGSGkALTyDk1egdV19izER7EuA9g83ZadqFs5q//CzmdrNNwqJIBYNkfuqg1+mnEDI2kRJrANIQHY31S/6tnT3bnKUuQR4ZLr+8PyFJIF5guFANBpnHjskn+75dF/N7iMKUNBgLGWWXhZo+ImE/Zi579NKwPDG5GxYxQamS9OwFSEEoI84pSWklCBnGG3h87es36hfNN2elQAtYFIPMI9S2my7zm1BNAp+IVLBkW5yQt0MoKf8kQiYiY87FBt0e7XbDDVfqhueVpKdVy+Dmo8IP13KgTYlpgf1BcqHJk9vuviPW3oJmGe5SYGYfwezJa3VExH5cZySyRKyiEpqMq8W0bFJ+XsonUZJLIgVheyMyGER/FO3qbPjwk4JJE8wq8N0NtGYONUwYWfnsw7GOGp6cJ+6lyKvRX5JGPFhV9hMImYS6p5MKgYaz9vXni6adbFYipz+0JmNoRRqIYtAX3t9BEtbPohhSfPIYz/cbMIqL/AmSKk77UYXtd87E05t7KHx6yQ6Se8LeRULeiDw9EUuySCWEjNokKCig6mUkGog01tc++8LOEbnUiSgfaMmRGU6b2f7V0ngAkT5tfCG+iZ6d/3ztMnEGMPd+T/f2TYaLz9PkoB0csH2Uj1KqyN9H125/h7Iv8NY60C5ce0W4qQ7cw0JtJch5YCzBU5Zs4O3Niv8OX5PQYJLXKvx/fyTqBKVdHAso+ruEsy+8NJYYOCV+MhOkySJhb6TUXn/nXUU5KtwmYBWNeWrTNZeGzEWxsIeAzNLWF6yVrNQOzb4csiZjU0/XhoRqY23F0/8sGj/GAsYUOPsYnigbXJFBQlai7F+G1nDl0IIJozo/WRL1upF+EbY/Ueanaby0Kod2Pb95ueMeZ6l0xzs0FIk0OV0ar688CqI3Uf8hP0rIF8sIpVPjPmqQRlgFygd3SJNfc8H5uizwwIGSeKhu7Gjb04/F25uoV5/UIplHYSiF2RTfd9A/hypkLGHYH8G4r9O9bpVt8dn6TJw6EvpghhmAtnc0ifDgsYHAxJnUcstlF/rMWmQuJNS/WBReDwzkpVz/ESHb582UFpzJvjkj4fd69FU177R3bI+EPVJ6izwYhigLncbVR1AEUoIVGQx/t3vjWsuMyUAngC3VgjbEOTNbV3+F1grCASWaWntI2KH1Kv0EKQwSe+ggT6jcUvnw/eaTRpcoMRMK7iSEDPaeqOHJXCpBb5FaMHpE4+uvRNtawPHHI3CkpgasBDsP5PwfEbL9KgwuFmHpeE5VuLW7/ZuSkgc7OtZGgm6KnUQEwIVtBr8LuCK9mv4JsNCu1o6P3i0ekWXGzBF1mm5YpuHKS6LVZYBaMYGEyK2LH3L9GVlzCG0kP4mQod4Yc7Y3f/ax8YzTLGoZTeWUEzkPqkkQMho+IAO/8JD8bJnuvLNc27eDqjQx85kgZ0nlLAU0R5Jk+5IyMl7cjcodqBFPyGNor3u5uvR2Z9c30ZCTe3hEjZKyjwzUEXGocNCoGBOuq6l+8G5NdjpuEGbeFEwcU/vCM3EvoFbUgIhUGguacP6kHrHDZi53M2PJP8hBINCIqfL+e7TjRlqUQyrACJ8BwAV40UEzRuDEioyBGNSzdWye4+nHIlU1cTTzUW8W0xHT9UhRjCjciknjR/IYUhpiz3wO2UHiPyWZgT1s9zu/qS+7s670Fq9rTSzSxRlxkUsVFSfWSVwJILHDu4Ihn9W686zTMUkI5kWbIy88c45vCw0a548kv40MsXD6ewjZfvXrPl6wL5+MMyUJq54IVMTVcWqLdw3UdntX+/JPMVjAiM0hG1ieDmcfyX2kLXCA5KIfxqeb1amahXNb13wT63TBv8fOCPeYeyklY4SLmchSH8pV/SbeK5zv3fcb+VxQ/2wHI+FI0OHqeLrGfnZdyfU+99pYtJP1EPnIIvEokl0sZJQqIk3l83rWrdsEdUAsXYOKRuca7r0jVFcNf5jcY65wJtSY+Fv4Zofi9++zrJTMxXHMwtJN89uAKgQBMHh5uJ3SG/Ib7ZV/f8AwPtei7O+QQW+lgDcFfS+YPwDsq1V5ojVzgH6YsvzO24Nl5XE/A4Dp5KVtJpRiz+M3ISIHfBGJ2yhWQtSDpKoQ32zpAOgOvixVeKPOgGdtV9PFNfaJDaU3BDwb49FueppMKc3KYC7LZFuPYHMOx7o7u//1TEGe2opboxqimT6pYdnHUSdspRBLSZ72vB2HJGP7EjKKj5OCwHaaW8G5gwVyhkQXcOKxjq72L1foF5+hzUu1qvqhAakSnAPpKZS2wBhYJUD9J6J2oZs2sf2D96MdXTyKRPLuOVDi8OeIdRSr0EPz9BDSpMwJ+0XkM1FQPEfKu9ue7WqaVmkZ3lB6R8hbBGJ+qDDcH/akmGVcUmN00xCIguwh0lxXfsnFenW6WT1IlyczX7jYXVRELr8kZCKvlKhDJe/LzyZkogdBcsfxvdgfQK5SSoytNp1NwB8otVc89nDRhNH6zEGWzH5Ij5VnDKzMGAKiWwwbo/7KjAGYbaG/7CK/RoN+JOkjaSl+5MQP7XoOWIH8ct4geU9iyllyHwpbhVARiUUaT8C9E7AqLr/7m67GSzrrM0u06trSB4N+K4AX+NcIJhkk5nEw9kcqQFF1CNS7Vr1myiSQX5hyhhaMz6v95yORmhpq/eG7TbQ2XB4/bJqMrLiEUpLqDMhVoMkd2TwG5VKvW2fHii9MZy7QZadZ1AMsatSOBpTB04fvLyOkdXn6wErZEM2o4eXP/SvU0sIcBgxHEVTWnMjd8y7/foWMPFzKzJMwSe5UwkmChKEKR2PZRfY+GrY72+7zto7orO5n3qaqLXsyFKzgSYPwrXBvJCmRxjAmVGHM62r77CPt6Dzwj5iy0wsXzmlbtwrYdyIhI7FK6NLDK2TEZJ70EBi378dBgBGcPqr5pSWlD91bPDYHtO+wjEhbYHw1CLohZ6Xpg8tAm4gAU5aqnznDs+n7mNeLNzLhmCReYtPwH0ecMnGPIWQkSeIPKXvPJOGQHgEfI07UWIPH+aG7fU6ovX+r/b9132XXlj4XClZCvASGRQgLfuMu0bh3YTehH9pbdQ/coc1TwJkxD88qu+/OQLkjHgZbEt9njkvpEw6bkEkZv6SQcYSCIemBmB9EPXT6bn/nyhWGRXN0mehwB9gV8kTJ/TJK7g8sS6fapUM1RJeZXnb9NaHqKsGT2PMnKXBHhExsuz1L0lKsR60c7BCLsM8dDGzq6rja1yELt/6lVvMnzbqRDeVvhEO1IBgU9rGHkNHUBCn/HwhFrJbti08vzgQlbJplxpTWZUvjni5GMfI7hJDtLmGSXTk087KPFEayvC/2AW0FFPBBlIgBucBbRKrrKx57pHBMDoiTQc5TlpFanp5WnpGCmiti4wqa0jMYjMPbRmd1vfdWrK1VwHh+4GcPNXZo1/PLcbEO+EwSnkNiPTgTQbaPpmvQuFhKaCBtUdPd+ayz86RI9//46/5o3/wn7frJrTWfRsJNnHpkaCwLFmsy4nXjGDMS93n9X39ZNJUoVDUj1I5rLg/qNRj+mLSt+7oPh3ZT9iFktHGkiJZSgILuEH2RGMQcBBtH18bv9eedrQVbItFAYjJPekV6OvIXPNeNJAxarTgrdftp0z0F2+KeblqxhK8g3YDkZR3wDfntvUH4TZJ7wgtFtSOeGs5T1AnUCWR+u8+1rrP1Mp8zJdp9QrfjD9pVfzF8v6i75VswWyDTmkT2C6tJGVX8hxzoYKy7pe6fj+iG5RozZflTxlW++nwckD4yL71xWMStOsiffRfIpeiEPpsLFcSpiYFuIX+8vrb+xReKJ47FpCf0umCSSIkMaiwVRSRMtUARCd4YqNXycxXl998RqilDlx+p5T1OdHch+32LXALDI/SQqE4KLnpKeyOixxSXjnCw0NX2sLvt5IjrfyLtx9cVHbPj8/+x77zK5yyKxVyEkCU3NyGqydZCBI8BT8CuM116njlTpc9Sac8/y71jEyaH/miMv0ucxG2RsvIHJ2U/LmRJz1O6Zrpa9gqRo/F5dmxzXH6JPleBeU/odcEQa4ccCVjMGQACdrBVCRZFIlEuHjuqffmyWFd7PApNvn8hE2mdg98yB7cGv4h38Y1MCAivFcBhEDKRUIWcdcciZq/zdWfrvGDXoJjzhGD9n2zfHr/500GlujsDXjNNeqGEK+tA4UnzY2RnCcHg7ar/fGnBTIBJM7SjR5Y9+GC8BQ0WvZmUKiTsZxQy6cO5TIEwF3kyzvY1NzW/9YZ16iSrKgXMPGUY5yYfjCIS0ScriC8dXD024rfNqD3vgmBhcTiIuJry1KJpS/i4e6VixLIc2NX8hsSRFYb0i7Ld5OxTvZoB/Oirj9b6vV91tl3j6VRHPH+MuY5rMZ5Q8PkfNy+XlRsfCHjt3E0ioOwMnBWfQeVh3LFgrLHK9tBdW0epUazUzTk1sn5D3Ovn2gAt+J6Bl2RTkuIlCk0Hv9j71mRiW0jam1L1iD78Qa9WU3H7Tdbh2dQbAsgrDUCFTwYyBZDaYdYuEhmgvRikGZbd+PjTkcoGzLAmN04MG+frEqG1EKmeFykyh/xU4qJ+/NJENJJ4O71TBPC7XAwp4S3qxEl/ek+jveu7kiot+aXiQfL33s/v8QLxCT2e5GJNT68nuZUSVkhSE+z2Ckg9nSxjbKiNFe1cUEaeiF/raXvQ3Toh4OoXdZ8Qaj3BseXYzcv+vOXLETWO58CdEo8B+soQa4Ejo8/jFlg8DHl8Bd8Zzz9tZ25GwZhc8923xJvrwGiJj5dy4klPZe8HnNvYJWE/tjLJC09+Al2JIAON7FPIuBZOJ05XTs1X5JS1d7Z+9qlp0TybOgM9ujZVf5qQiLwrsVsNoRE9ykFoEAcsVjftlOZlX0baRIsVJdZIKmjcJfFYI+e4C0Uu3FwpS5PQZvu4cskaJDci/qaLYeclUaWQBFZ6nrc2W2PhEkuGKbGJabE5ehdfKvZt8oH4M2k0ej6f/KcfehedFheze7xdOFuSVZM+k9NDUnWY1RAfOB1YDyDvPJFotd/5oadpfrhzYMT9l0j3XzvL/qhddcx3H/53wZo57XWfRsPNBH2lRK7ECsec1ZScQLQWczlbPvp34cRhxdmK/GmnOL9bQQT9gFkL2h4pM5K4QOnbe1xvcjX2sTLJ5Uq+nUtEKFdBN+1Hk4kCkkjV8Xj5kL+ktPyxR3QTTnIoU0tk0FsDS9hckiZTspAphmDEMIr8pZec59m6I+YEJJOKUlw9EwAVIVGJfUsfTtU23A8u69Jwm6QgCHEQh1BUyYNTblwKkfrpdsHrkrLCm0OIDisHaeqv1HWdWEiCZwGwxwU8UgE/1cFXlujCovOUqoqMBRMXJSqFlNzhNJhQG2LDkUqC/xuLdwT8a7vbLvN2yKPuP8Y8x4db/1pTcHz+p8ds+nCQceOV7vbN8WgXqzFxreSJscD5wUEGzRCqbih/4P78PHVxblbFDddHG6uiYT/dWakP5ae8ZL4QyXCgVkV1yP0JGd1Zvru8t7E7nN2d3643XXKRLlsNvVWKkU/I9dNAYSgwTEvEAUOJyYkphjx51T/uDpaVxKlFHMqUlH9yQycWk84msZWwa4Ewx8ZFRpErpHsd3DQhHQm0kzi9XWnuHroh6UknPEtee26FZavaQ3q5ziVKxNyX/RMdbDGoiCb2D+yZGI7OnhAWBX+JSlHCQZV2M9HscoUYb/dFQjZnxyPd7bkh71+j3qPjrj+4K06wrjlm24dHb/4ozbr9Hl+3Ph53ClYocZ9Yq7mQLqe0eSDi2qktXHRGYa4yf+J452dfxt0uYGlEXZBBjj/Z9SZ3SQ8jRCe03xSGpHGYwDoaqK+tevU53aSJVgVsJc16JRQ/jUYfZEVQCQYiOGSYMqxMs0wd2/r+a+G2RhHyMJiTKkoCeyL5m4kyCgkhb+sEGxa3+/7YIX2ABEJLOMsioOBVTn6BeCrhj4l/lCBaSfPX0zKSf0deAX+EKFSLB8nfez+/xwv2eBfZSmyyINVu8JsvnHUXC5snHvdyGky6fF4BkkjsN1gNclWizb7uT7uaFvqdfSP+Y6Pe40Ktf0DmouizPt9DyD5TVxieC3rLYnEXY/ySQgbZReM0aoDReLe344NlW8eftCMvw3791cESZrQk5SEK08Kg7H2Ne194z2f2Xpnkhe/aM0k3eL9CRushJCMSCHgKtjquudCYrayQp3ImDGqMykeEt04IGTpHTGqF46JzfNs2hHzd5ByQiiCHiSbRM0cDO3nsqwgvNWnsk5HOLi/mh22X0K90d4RUJVoFhY5kYSIWKqhrIbiiIrObA8s+rAS4Eo/4VETHoVCZ4gELhuRAJp7f7ZnkC/Z4V48QhhUzUZ0KsmZcOYTMz2Vv7jbdtUXIdvAFQQg6Qt5v3U3XBtpzo56/RrzHhp1/6ij9k3HNMZs/6rPho+N2rDu5rf7zSKQtFPcFCUohNKJYAB51hi+sbSy57a6CSROL50zpXLkS6A3s9xC1VQeYuoQN817XmLiiXZf5Y9e4x3IlPRBWylJGal9lJbEYAu9NxYnOzrZlH5hnTQBDImYGgjmRxr2icY/Gb8HTR4ZsIEbvIgIw5uU47rnNV2IMhf2kj8nTkbYMEYGQN4zCAZYFmDQQM3DVXBxkrxJH8skeD+hzdh24DRxJkLtPHyNmzEJzBEhzgB0UcZng1uDPpAesREiysPy4jygaY1+jqZrJhIjjkT6EbBwf4kHy997P7/GCPd5FX0pCTidH1WuaYAazyQduNPne9M9MBsYYMLoW+ifKkMW7wqFiT8fjvpaJ0e5+sJJR9zG+1j9WFR6f//nR3y89esPHf9Fsme/s+DYac0Ji4GZwKMk5DHIKcE34qGC4q7nqy09q3nujZfnSICrIWHPEAwTagi3F5VOGfe9r3PvCez6z98okP4Q3Ei6Ty/xiu0T3BVqUOhFwxeSXhiLBiorqxx7QjZADTl1OFXEAEgcB/gohK5cPAP6CmkdotkWaZeLJ9a+/HGqqxY4RQiYZCQojwpGwL1BT4zIa3AaN26hxmbVuk85r1POh9dCh9xgNPQ83XoxnTEav2eS3mgM2a9BuDTmsoVJLsNIWqq+ItjbEkfL1OGm2XMQTwKRM1Fhxt3ATqbjM+4W8I6wGbncoUF/vNFs8Bp3HVOwyFzvNWo9B79UZPIbdvneP0ziIP90GQ5fJ5G1tCoXR2oD+2454FC5EXTxSG43WRKK10VhVLFoZp6OCj7J4rBRHNFrodb/kbJkf6kiJOY+PO4+OOI9rrfiDft3R2z48asuSYzct+9+SorP8zq9iUVssVoEjHiuLRyrooA/B4PbyWKQ8HqqK+RsD1Ta3ZqdHX+g2F7vNRW6ssNbs0RvcJq3HpDuI6/qxt7iMxm6LNYSGNCpRMFonsi8ho5Y1HsxGIVLM43Vu22K96GxT1lAIGQ4aKgbfn5IXqI4PAPICppMY1FUZ1oWnOdetjrm6iDZWREuiwYEqS/64r61x6XuG668xX3Gx48qLSq68qOyKCysuv7D88gvKrji39MrFJVec77jiQscVF9FxpTgudlx1ccnVl5Rdd1nFDVdU33R17S3X1t96ff3tN9Xcf2fFEw9Vvfxs7fv/rv9yede278K19qi/NRiF2xsEFFT41vzVVPyL4m9fV/XXyzW33uy48rLSKy90XHUBjvLLL6q47OLSKy4sveKCn+y48kL7VRcX3Hhd/fo1UXdHLNYZ8JnbGr90ty/1db0RcL7g9zzvcf/L733W536ej3/5PE95vU94PU96XPd3ty3wtCui7v+Ke46JOY/zNv6xNP+4HcuP2vZBn21LjtGu+L9W+6nBrnuC7qcD7mcD7n+F3M+G3S+E3C8G3C94PS+5nW+1N37QVbs22mprXvae9erLSq68wH71Yus1i61XXeS47HIH1v+q80quPP8nu94rLjBdfVnB/fd1FOyMBVxScLlPTUZ5Go4JSciiba3N779TPHEMSkZ2+QCroj9+w8eHB4Z6JUsYufxI9BtyFbZrLvMadNQAI5xu0oTC/4I9CsY9nfWPPlZw0rjinCxDrsqUrbBlyUvUcnumzJKdZspJNeekWbLTLdkZu46cDDMfFsyYzZVZQdkyXGkZJjcNVxhH52jGjcyfMHbnlElFc2aZzltsu+Om1k/fD1fZYt5uilZR0GI3CKoMDngEGGVPu/3V57dMnGDJznJk4UtTTbmp9ux0R6bMloUvxbf/NIctK92cJd80dlz5u0uj7c541OvzGC2Gfxq2nVlvneFpnORuPcnTMdbXdbK3Y6KnfaK76ySPa7TLNcbVfZKrY5irbUiw679inuNirmOj7X9ptf5Zt/qYLR/2yf+4j33t8W2GEwONimDHMF/naH/3mGDX2GD7GH/7OFfrKS31U8sdc83aixymJ7tqNsaqrc2PParHLJhMrGG6MQcjHzOMOQoTBnXRUv+UR/Ew1Xdz5nSs+DrqagPTtHC/9+mTCcYxUkPhaKmt6e7bNFkKrhcNNIHaDgOdIWHpQ0oz0PqGIGAIpr5ZlanasTm1j98fqoCi5k5TqTOUA2xhtryu+vsezM/M0SsyLMo0EMmWyYaiuA55hWpEMyD3ncMKiwNojkEIYEsVGI9NyA56TPEssB4DMQkAQ40pzpWlOeQyh0LmUCnMOZm6aZNMN17TvmpFpKWJhjUR5o++n1JJYX/c2eb411MFo8aUZ2RUp+PDMU6gHxLLmC4A04+hfEAu0QxbHOIBnwM93vP5vV6w6134kMGVmBSrzNiaN7L87aXRTl8IpY9YS3vzp0Ub5m7/up/p+z81WP4YbPu/SGe/aPeJUdf/Rrx/CvqOD3iPD3lOCDuPD3YeF+w8Ouo5OuY5wV33F/um47Z+3Gfbp0eVbP6Dq+Sv0fb/F3P9Oeo5IeL7IwKCcOd/hdr+r73iL5bCP+34vm/B5onVtgc93duigZZ4bX3rw4/Z1MqKdCwyhqZhheHb0DpDQZCOoEve/Rr3vvDkC3a7xh6rxEsEoh2M/vB9+Xnc3UqRDdHs71vIyA/l8MPnca77xjZ7qk2R4VCkA3lhyRoIymQYSlAMQ8hs8sEWDK+UozSeWjx9bOdHb8cBIBMFFc6yie4RNp3BuLel5aH7NMMzLdkp1Hui7I8bDCePGs3h1alIgPCYW89pEAskmMb+4Ld0YHWQihtSogSPCy5sQAU429MGAsFWRlm6fmVqFE8HF+cot0+bVPr04z6bgYBGEWwU+GjwAYJxV2fVC88Vjh5dLstAOwLsPrDjyMLwctPS0zfudgCMucczvXkBznyQWd5/40hV+buvga0JDmEYHn24urtmiXb17O8+/L/Nnxyz84ujyree4Cz530DdnyJdx0fcx0TcR8c9R8VcR4c7jgp29Al7jvF3HV+pPy7/yz7ab46pNf7J1/rXqPOEmPOYSPex3uZjO6v/1GD+s3Xjn/I//9OmZX3zV46r1N3r6VobjVTGw05s9Whzay3y5zAXzKjKgD9c6ZCKDNCQE4CZL5nXGQvLR+J6e174bovAL6MP6fFKIjlEAV4/cUrwow9jXQ1wjgkEF9tntxKlUggNEAHTUOOrz2pGZWEsik2Wik5dQC1wb6BUKnhUpchfQNNYVLKiM07r2IT6q1sQyLKUQR1SxojyUNAmnvaGf9xTlKc0qdED3B/uHXQJH5TUxalXZAypyoAVBv4RqjEFbFOgzQWpMWaw4zIcfNA8dhmeSauQp0FhQNQcsOBg3yACjr5lqgFW1eDi7IzCKeOrH3swYCyK+51UB2TTH+/oLn/huZ1jcxEm40NsCvRZsWChaCGnugUiGCLvEPoSSpq+TlpiPMOzrnC3QIRJmUJoX4dMnBi9ko9UPvBRA01Zg787Kavs3Tei3S2xWMCPmA79hP7qttJ381fM+W7p/21eclT+0j7a5UeVfndMo/YEV8Ufg81/iHb/Ie46NtIFITs62Hl8e+Xxps3HWL8/rs32Z3/z/wu0/NVT++d26/G1hcfavj86/+ujNi077vuPB2z/crI9/47Oui8ivpJ4rJNaAcg/iYdbWiofe1iXpQSBDxQBukgAkAG1KtYZ/L0oA1oVyKKDSgIYetxKGBO6ChCxwMKI6xLbnhilMQEXKy/HJ6QQ3zRLJwQXaEKHHC3paUZVBtKowWUfxl3N6GoRmuVHzSUbF4KPxd0Bj1ZjveEKbQ6Y0gnSgxVkwac7AXYr4oNU0gE1YMrONF93g8towvgngR/gahQ0GKd+KA0Wgbmse+j+4mFqi4ruHKwkMiAQMihtYjKSDYF2qaL+AODSBpmhNVWQMNxRXB7tHqou0EbECeDCsDvTcCbgP4OEQcp5IaDhBlhUfSE6JtCGnzy++vEHw5XWaBBFQEh7PN7lLX/h2fxxShResS5WRRpWVhhEiBSBLsndBDsk1f6ldaTzpIXmKd3EIlNGGGCi/EAfNiSeNS7ZDta+uDc4Z9Tc+pnUgzaNzq3491vRjia0rHEGBy6IL+R11Jie2/rlmO8/+PPO94/d+d5ROz44qmDZUaZVx5ZvP67Z+gd3/QmBtuP9bce76k+o1Z9QtvMvzZb/11H65ybz8RX5f7Bu+IPmy2O2Ix+75IRNH/5txxe5xk0XNpW+5XfqIuG2MHM9c6UB+zsSaamreewfmACJ5rESBeZZDbXLM8oyIGeDSpX9sC2ReAI5IfVncCoKq4HzL5elgpEJ1wW5xHXhnyiHQCuAtw8Flzk4dezK/rhq9nbSWc5SDZmpRVPGBj5bEne2EoKQYvrojwoZp5Nwhtj3zo4VKwvmzzJkQdNSaZI/lAltseJsYijSJDOHalJO/RNPhquqAMWUkuYMo+M8FekR0msed+1DDxQNU+NqKW4gbilcIQkZjCDEDqVPqDcIDW4hlAqyvkjLVaUPqsyALKIfHTxnpP8omOWrBdwIVhIrWJU+pC51aG0a4t9BFmVfohUC5a5CXnjK+Oa3X4m218fDYCiJxLtdVc8+rR8tq5T3g49Cm1I9sFTZH9uabDREOQM+CuQMZ0U+AOHk6DzRTEpSTuaGoE1oju1nzexnIUnlfCHdhn5My0A+Zanib2Xyv0HUto7IrPz3G9GONiTA4An7KacPu+30uzSVlvs3fqra9P5ftn5wzNYlfej4sM/2T/oUfn2UedMx1fo/tJWe0GQ7riz/D46tf7Vu+hMc/4Ivjtq+DAWlo79betSGD/+yablcu2FRnfkZd+v30QCa25yxiC8SRXqS4h3OdweizRUN//y7WS0rl/UrUZzIGigVm4QX828VMrTKYnMOrE4fWIt2RvaAcaWQMMz0wIahHAJutLKfQ93PDhNBeEEUddC5DQE9EbcD2XggokkvZgw0qwbvnHyS/4uP4PhSephkaJ9lJarRIqtVW1//7AtFJ48D6SOWjH0XfCKbD/accAYkZPDJFEO1o0a0LV0S72ynfKMoVlBUR0LGqI/eCBmkFgKE7YUAFtolpSJtSM3QIbWpg6sxSxoKRoEW4r6lsr4VkCoScbwMtxNj5wZVpafUpaXXDB2KqdNQZjCgCHsd8jRDllK7aF6w6Pu4v5OynW5X7XP/Mo9Q1qUPqExPg6eCzVMpG1CTNqgqdWh1egY7yCnlPGeUVGMG7gHJGatPdlkgUoQM6GsjfTnQocb2g/aivHRFOvzUIbiFpbiFcqDrBm8ZnUNC1tkdClAOmtq9UJrEyka7At4dJZobNy4b9O2Sozd92Gfj0j7ff9Rn5xd9dKuPKtl6bJ32hDrDcXWGY2r1x9m2HZu/8qjNH/fZsvSozUuO+XbJ8es+7r9tzeRSw71dzSsAW4hHuokanQqwPLOdzAjnZsO+WFN5HQYmq+QVRG7fn6w/bGU6BnfQrsAFYj4chqrCva5OG1iZDu8WegsBAe6y0NDYXdgz/ezKEy3yfrCtdkz7I0mFyPYrgQmCGEDI0odUpA+0KAfnz5zo+/pTOL50MsgNh/YB9aGKDRyyoNdksl93gy43xwZNAyICuGKUG8MXk9tUgaXHsHpEK0ogL9LMp85wfrceYF/Gp3MphisTlFzvrZBhCeAfDAXhTHGmXJepNqgzzSq1KVOtz1YW5yiKsmXFmFauTrcrgfZOKYVwq9GHNxCLhXl6pRgNlk4o8HIEv7DCUP6ywVZ5av7IXPuTD0Q7kAX1wV+0v/zi1vEjzZkKfWaOJisLH2vIkpnUSpMqU6/K0mVlabPV+iwFgl+4IKKHNCFkJGe0dyFP2FrqIcasjKIsZUF2ZlGOElia4ixVcVZmUXZmQa4sPzdj23DVVyePtn3wTtTpYfJSLzQ51AyELEQJ925v15e2onGF6/9g23Z0re7Y9pI/uuv+x9f4N2/N/zYb/mJYf0zJ9uPcdX/1Nv1Xd+V/Nxn+u3TTHwu/PGHH1xn2oss7Wz4JBqzhSBupLlYaUp2O8ux4gtEeQWiyusonH9ual6fNwhnKcW7FWdladaY2S1GcIyvMVhbkZhbmKbXqNLhrsBscWUPIoMywnnS96NOmlQSzgRoGUVmcqSrKVhXlygtzZbjMghxFYTauWqnNku/IU6yeNbX16+VRdzezBVBlbp+1S+Rgnd1da1eZFi60KOVQMKVKDAuHnMEvIYY+AvWT3aQiJrasPktWe+XlIYMWCZKE6hKoNSFklAzZr7ksQWyhSNfnZlrmzzFdf53mpptwaG+6qfDG63becA2Oouuu0Vx5hf7C8y0LF1imTiwenVWUk4GSPHx2k3qoCaMbVRAINBUPqEinxIRNNaRElZqvlm07d2HAqIn7Aygj2dav2fr3O4tvu6H4ltsKbr0l/7Ybi267rvi26wpuvb7othuLb7+p6NZr9Veeb5o+gVhkMN+Olp40GTmRuAEIRGRDzUgKjsg2nbFAf+01mltuLr71xmK8/dYbC2+5GZ+58/Ybd9xx/bY7bvrugXurNn0PwmkEl+EwiuLgPERpDbUd4n4KB1Z3NU5zNQ8Idf43ekNiXcfHu/4aav7vFv2fjN8cs+1jRJRHt9iODzv/GPP+KdL9x0j7/7mqc91NN0X8a2IoGMT9qAWza4IwjSpXhBITQAABUYMX2tlR8/VXBbfdVnzz9cW3Xpd/2835t91acOutBbfdlH/79QW3X194+/XFt1xpuPRs/eQx+qw0+MpgZKJskfBB0U7LCHs9pi+MHmE85xz9NdcV3yQu9rrCW68vuPUmXG/hrTfj2vNvv2H7Yw92FO2IBdBmS6HjvqNLnHUk2ADYxYvaSSfDpwMUsVR+okMJEwDLCE0mklscgCCuVA4pzFM1PfxgtKoUqXYuKHIqlkvQQn1zFXg/Phm+yKySGU85ufOFf8VrK6lYhKO7Pe7E77Z4R0e8uS1eUx93lEQL810rPqt44h8FZ55WPHI4toFZmWKGNwpfQX4iXA2YV6g32g8ZOL00zdSJre++E3P6OPGPFrGuuAsf66TD3Rl3t8U9LXFPa9zdQk5rZ2NEv73l7pt0I7Kw6D2EjLJKSDKZlUO1yNzOm975/tvR6go+yTZyRJwdcWd33Oniz2yn3y4nJBu2AzIm6vkIu6jYCu7WoMHZdr+7NTPq+++I97iY5w8x53/5G/63rviP2q+O2ra0z9YPjtqxrE9FwbHBjuOB84n5joq5/+RpyvV1PhSLGmJg4aLPEvAh6C4etkUmiseOJLqdSIH6ffGuDjpDV1vc3RV3O+MunCEetNMzXY3x1kr/9nWl111WiPS4SkRC5FlyAwe1cVjlQzSZiuLTT2v76ut4YzN5RNL1Yg27aA1xmS4saQcdfqCJqGAv8Ar7BC0GAl6r0XLXrUUjc2DIyfrIocn6WSgRBW0BNQbcIhxDmgCHQc/bR2XXv/ZypK0xhNKrVIDn/USmmRy03ggZghezKkM/eWLTay/FOlriISgAcAghrceNFQINRBVkzDn0x3zOUHVZ62fLbBdfYhg2DJEEFK1d9Te7Cg5pP/gWoH6pTB9anYEAZaBhZFbFww/G2rpgyIHoo1k7UAFcHiYkErHloNJKLjOVJQKekM1Yf88duhE5COkTGTuKKPkrKEWizUrTnzaj5dMPMAKXQgo6SbwdVX+izyExImGCr8/QPc59s4ohR4mJkao8Xc90NU6IOPvGvcdFfcdEnH/xNvxvVf5fir44GhK27f2jtr53NJww4/qjnDXHxZH69/dBwtbVkuftfjQWBfkFsaIKnSVBTxjnxGAQEjPmIyZwGdQmFa0xVY2ukah/6P4LGCWgZTh5b6u/eKv9pmvzc7PRnAGdDZcASSV44eDGZ97MwUjF71x0evPa1XFXdzQENmR8FC4QfhBDRrhuyBeLOwXXE1cuged+XMhwEi6X69t1xvPPLM7JACaRWsPllDu1qODfcYwJCZNRcqhUMQRhwfZJJ9UvXxZxdfME3gSwhsvSvRcyXB6yOKZJ40nIOpHRpX4KunPSjZIiVAYWk2hQ8aqhvvOjD62LFpizkPTH1On/s6pPpOQCTFvGUEQD1RnwcE/UZ6eYbrgyWleHoB4uMQ8/4eyKhF+kZRJP0Q1Aet5ub7z7bvOwXMzsQejEBQmcG4QMUVVfhMMWWOd501uWL4l0NBGVlkBcCFGSEHMCEMG9aXwIpKI/FgzHGr2ezztb5wadfQF2jbuPigKNWPeX8p1/zP8MgtVnK6mxPlveRy38qPwv+tQb/0AJWO9RYe+fna3DvE4ImQVClkBeCuwmpQREzkgINR4IeJWYlyDWMJEVl06J+8/AXN7t0+y033hDUXZOiUwGnxvUhYiXcbuR6EHrBnaXUZ1RsOi0ZlSlvU7AhUgbC1gLo6gSQEU6E1woVliwekDQf1zIMKO6paX5nbcNU082ZtJIRAdBemj2FlN1UrKOs71UsqQMWWZK0cJTW79dE/V5GdOZaKngspLAxfVGk0HIEKmZJ41tev0F6qWjjK5wLkg5CpQSrot7oyWQOiAXPpOu/N7bTScNQ8EAEkbJBbBWwZeiyAg+LNI5/2fMGqi/fHHYYUN6hWrnTBTH6G22LdLH0uYjFweCWOqov/du0/BsXCOUIgsZkpDIVvQrU/wNUovhita5M9o+/TDSgcEXCdQugaKSLS6JR0KDMeiJcN6xtkBwfVvrNc4OWdR3bNx7VLT7WFfNH9AbsuPTo7cuOXrL+3Rsff+YLe8dt+X947d+dIx963G+lhNinmMj7r86W0Z5ux+DuST4K0Ouk0Kc6HUQ+4aUJm9RRidIl8h3IQnwFDoQ/w+4/Zr8khtv0GZmo9qGZBBiTwpFKZdEUR0WwaROLVw0t3n9qpjfBZAST/lKAEUpIyeh9ZLQVAFCxp37cSELh4LlZdX/eBDEtRYkDtQiY0QQRXi+nIwdyskhSB7lMoxZKfarz3cV74j5YOB2CTafCWUFOUu2f58MQgZKZv2UsfVvvATGtgSMiUJhLrCL2hQjAAX1JKmNUKShqvGVZ02TMWIDpSrsPyLb5owoVY1AaGWT9zVlDTJccIZPq0GiOEK2gxOFBG2j7ileLwJ+QXaRYgpgPGKFvfb+Ow0jM5Gxo91F3iey0HD8kaU7sQzNf5gcNWdW26efRDrayQBJO1pyQwVIX2QbSZT5TFnBdEbCBc72e1wdYwLO/4kF/hDuPK6r4nj7xqN3LDtqywdHbYX2eg8SduzWD/6w9f0TNr/3x+8/OFaz6uj28uNi7mOj7r+4miFkj8eiuni8kzvnBBGB2IOUORLYW0Zvc1eDANLtEoNd6ltIG92vgMuv2em48TpNViYXA8ABgGwRKTA43FwOAcFs2s4z5jVtWB3zuaXyiUCbJjSZ+IYkOpQdJdIvewiZJOV0kj6vu2CH44pLTeoMfBkSwawVCK5IBS+2kvAHiYEMaRL5EH12as19NwdLzZQJYjchIdpCb9NzvREyfKxZlaqZNq7mrVdjcCel1g6ChHBGl+8VrSYcAmofoLIErH9bQ/u7b9lnTAPQCEEJkg7VaanwxnBuUPjwn2yImJSp1nPODhXq4ki8c71lNyEjU8MgEXjo9E3hQLm1/r7bTSOUVF2lLnloMmTJ8ZkIuGj1rcoMy5x5rZ98HmlH5y3jTcT6CaebkcDiZiM9BgJ5/MkNrGX+9ufd9VMizgFR1/8Ldf6lreKPhnVHbV969NZ3j9363rGkwyBq0GdLjt68FDn9YzZ9cPTO5UdVFx8VbDsGRXFPc56v++FYVA+HhoVIQIsT5pFXR2h+SdPw0gtt3UPfkDFNqCJAHrt8um32m69GIgYLSKlKDJGhRloqb1RkUFZWmy3bfuaCpg3r4x5klAW+RrpYdhBo50st3OKfpNNKCBl/u7TtaFWgJbrbG7/6pGj2VIs6AxxjYLRi34tqO4ztoaw3UqZlMhyItoYUDVdVPfvPUGM1tzsnzA8vugD6CIjxfqNLiLJFNUQ7bXTd2y9FnZ3soVJSmJlteFSGcG2pjYdgHtQ9CP76xoq2116wTplkUWRA32BRIGQ1aUPhS6FsYoVMqIaAmdt8/gVhnSXuY0+c7z/7KLTZpQUhn53d2Eg4WGavv+9OE7hJqGJGdPEoOiFvxHV00cqQYZ43p+XT5ZH2TiH/4mLFhTL+G+qWeIRxD/0Y0UhxZaff86mrcV6ofUi8+8+hlv9utf6X5pujNi+FDjtm27vHbnvv2G1Ljt383nFb3//z1iX/s3nJf2/64I+b3z9u20dHW7472llzfNT5X56WHJ/z/lhUi0CdWyGEMDFXP/csQXEJOyU5LUKF7i5kwonjF7BMBtw+Xb795msKcxSkupI6jAt9cNFw4Zgms+PM05vWr0djsCRkJDckbT2ETBQPhfxJ207SZCIE5GYEdnwRazXV1b3x3PZxw80KGWWH06G6AOSH9aESCs9/wEJzzRG8w6oUzckn1b/zZhiuuoRyJtdchFTsR5GMC9W837KSXTXIMHlk45svRrs60L2C5I8AR5MSI2ETDaDU0c4WFIxJGHaurf7HXcZxo5FjE6VrziVCxVL9xyY7sVQ5wKDOMFx2acheIrUCiVoE+y7ssyc8M7L1kLNwqKSk/t67jNTDDKeT4ix4J6K6KnjjATkxzD+16bNlEZSMqPguOp2SgkZIZJxcOBygeJ4w5p5weHtz01Wu9oyw66+B1j/V6/+kW3HMdlST3gMU8Zit5Iods2Xp/2xdJteunFK2abF53aztH6due/9P2z84uvjrYxptfw50/a27Nc/jvCcWLUIKQzR1sYqiHSfcfwlpnvC+hA/2Yz98S+D4+3yaIvuN1xWxkFEdSar3ixtNd9yQmZG/aEHz+rWwcuzLJu5tQs5Yj0iC3fPr+kjbTnQvsp9I54xsdJm9+u93bAcgRw48DGihKK3P4AsGdfFuZqgCWW64hNY5Mzo++zTS3clNAeSaMwCfQy1JyFhr71/IyK4ZJ49vfv21aFsXzoiKEwLMT1GyaEaip9ERgQgeDjqmhrV/s1x/3iJdrspOiVNxYqhMEKyDoBkoQykHajNlxhuui9TXcTEisQfp+kXkJbof+R4xdWmopLTu3rsMJGQwH0LIyEpyqYPq5ciYGObPZCFDFCzikt2EDFsAsgXzy0kNLGyNq+2+ruZRYVdfb+sfK3XHFq6EWeyzHdXx96DGjtu25I9bPjxR880p5UV3tZW+46/9oqv8FduWM3Z8NHj7u8fv+Pjokp0ndDX3bWsb4XLdF41qIWTcPig8YPEjNAv/6t2P0OVxv9+nKbbfeD0LGUVyjL9AforwV6IG0EPI0ApFXcQie5JUZixfPyZkbDcYkEMnRz6sP+gpzrddfDZZaBIy1LCoUM9tlSRhXAOmr4dPbVcMgEtYduYiz+pVURcKtMI7J1ng0EXs7IRXtj8hA6QHcJHiySc3vv5GrK2bZ1KR3gKSmhJQAjSEDAAELOKL+j2RtqaujWvMt1ydP2GEMTMVpq1E0RepFjiLlcRei7LjoEoCUwwsHp5V8tADEWe75ClLJ0bKnrGzCXt+MEKW1GRCqYhLpoCOjTEuAVm0Wn/3h92Vk6Ltaf7a/6ouOGbnV302fXT0pg/+sPn9E7Yu+d/tH8m1q6ZVFt3SXvLvroJ3K//9YOlLD3ZtWuIqf690y0UFH6Zu+eAEzbo/NFX8X3vzSLfzwVjUxLlDAW+RWimku570vHohZ4dPyHhJuN+HQ7eo19O59puiqeONmRlAC0GN0WxUmo1IEg0sDd08FjLCSigG6rLSKy66wL/p+5jHJbJyjCSTcv5ixSUZ36+QKYcaM9M1k8a1vPBcrKYh3u6KdyGB3h51teCgzFlra7yxMVpXHio1+Yp2NP77dd3F5+4cN1yblcokCajakpAhzVOdPgRuGcbUVciHmBQpxVMndC77IOrrJkndFZcIaZBiX7J1vRQyIDRVQ/WnzWz8bFm4g1Itkg/SU8iEL06RZXMo+FlHw/mR5rxAed+6zccXf4JM2FHfvXfcxiV9ty3PLV41v1rz9+76zyLdui7DpqJbLt05OW/nyWNsN17r3Pipr/zjso0XbfkoLf/LE2p1/9VVNczXDSGzMu2PUCjs5PBGkYLbxOber5gdLiFL6DyRTidh62hrffuNguHZwNIAOUm9SZT5pXFJLGTA3pDJ4JIlEC+AocpLr7/GV5gf83tZK5KjI12ytK0Todf+hAyuAETZMiqz9prLWt5+u2npsualHzV/+H7zR+80ffBG85uvtrz0UuszTzc+eF/FdZebF84xTBhlylXa1Wlsx+EgwnxTWMQQwlSHLN0uT7crUouz5NqLzg6bioAq46buhEUhzSP8xQPQZIwI2lvIWIv1EDLeuZTUDoWK21qud7cN95QPLv/2TwVLjtn67nFbl/x500eDi1bNrjY+7WzYEOqy+xtLIk2VHRtX58+bjmK2WaXQjRlRcuOlrk3LnBWfWTdekv/pkLLv/l+3JSfYcW8sYkK+hTMjDKOSIitciMj0SdH8L0PIpC4POknS7WSPgqHqisp77tBmylH7g9FhLBtQgSgvUEwr6vMUuLGQAUKUn6e03XOHz2wkrCKnlBM5jMQ1Jj2E/QkZmX9Kpg8ozsvYNip306jhW0YP3zoqd8uYnC0nZW8bnZM/IqdoWLYmTwnKbVMmIf0pvQKoGTcE4DdgKoCRoW8K+TYC8arwMvm2sSOrXnoy2lkHwCCHX8Kci+BImHLJmeiNJmOAE2DAQ3WkyT4Jo6JKLgpfthSzJV094AdN3e1PuZqmd1X01606dvNHx2xc+pctnyk16xfUWv/p7dgQC1XGgu2uqjLr51916wyd61bnz5kGQAeq/jh/03BlyTUXdX6/vLv0U8vGi3XfqGsLx3jb7otFtCi4iTlexEousmXi6yVFvV8BE4Hg4fDJWN+yU8ZlAkTcXq/FoDlnkVmZDrMITAv8G+Hgi9Qct8ElhEyFppLBO0dm2x950FfqiCWolJNbWrrQAxOyEx2qv5nUA/WZqYD0mFXpcLEJh400BIGDeaAOgeZQQwSiCwV7+IWE2EQ5tQJQ4PQhhJKguHJQCSpgisEF2SrdBefRgG1/B8X5BLgSvbCcUqEs3i7903shM6shZKc2fvapEDLJTRCGmEa3oFAIeE+t1/lue838ZlOGbvUfv1v6182fKzWbFtSUPom+3HC4Ohb1oO4ZbmsoW7F8498faN+8tX3N2m1zZwJCg5idPe6BptHZJTdf2fX9px0lH5u2X41mp46mJ2IRPSo3UpDSs5zVWxWWvDOHRciYeIyreKIC5HO6tm7cPHEsdhInWkXGlfJhfOcoDcuINpgMIr8wqVMKJ4wq+9dTgepK6lpOBrZSwkjEbEmVtt8UBrUPoRLPGWCqkMI0V6UTMrYqYyA8LdhuNt9kwfEaSBKgrUiTlmakAwQMfmSCFhJOH0azPzIXqHcVTp/U/cnHsc5GNKWJKjsuVzRcc982R0iJszxoIeMAT6gS+liks+OxhqB3Q3v19ZU6eeGq/936udy8+YJ6+yv+7vxwuA4zAVHhp/ZyD/LeO/Nvu2715Rd2bN7csWZD4exZRnUa/GCk3YF8sWB6yPjhjluv6YaclX9t1b/QVP9JNIwmXhDZASlACFSRWU2YkIRz0gtddjg0GdYb+WiJhoxi+XC8u9X52UebhmdDyASmHnImIjVymKiLREpEce6bhEw7dULtG6+GGuqZEisR2Ep+gfBHJYnrRQqDsgP4ZIBRoS9JwkjIhlQDtwk5A+40A3BZIqQV7STUBqJEPxyEDFuC+r0IQYmMA+UvUqzqdN34kXVPPR6prQZvLSF9MeqWMryStyyAWMJhFvay10I2xKxK0542q/HzpCaTMoSUeAPKOuYKBXTNVY/b8+cUbxhp2HpWfelLAacu5m9FUQSnQCRtWK+gL1RZXvfsU1umnPz9OWd1bdzUufpbzaxTrerBFQCaK06El8J9OumGcSMrbrvWvWlFV2W+u9MajSCCCYMNm6ECFGsJyoZkjSmx4vsRtMMhZITMYEAw961hzUOx5tr2F5/agaGbwBWRbSJHhxQJut8ozY0OIupXIc+Mu/MgZPrZU5o+eC/cDDACl/oTCcJEPUPUAMQ93K8mE0g1HAJgI3VoMeqcwP4MtMcJADaNPQCEfiqEnnUeKV34joCm0EwnRZpBrdZOmlT90INBsyGG7inKh6IrjggwpGwN6RxCeSSq1yLftP88mTgrk7qnkPEYPzKTYo6RLxLuaKxbY9XcUVJ8U0P5y+7ubaFoM+HYKJ+MqVQAMAFkCAx2a9fXn2jnn7oD8NSzFjm/3dCxZk3x7GmWTLi85AnQREdZepkMQJhUw/i8stuvc29eH2tvjYSQ1mGAi/hMmrJA+GtBCbanT/zjknY4hAzUN36i6+CxFCRkwXBNaeVdNwKPCzg1gAy4SNw/SBh0CQsZ8F64tRAC3HJqOoBrYpo/o/XjDyOtrYzx2VuTHbCQwbsScEhwniF6xSFGstN4AG4HAswalhF5UUpMK9Fsglk7/SqAjFDCmeuL+QHFeVm6ufOrn302YDNFfE7cVkHCB3gXit9UzqbThLuOGuhBChnG3iY1GVFjUm2CKV6otuMJBlqqyjc11qzyOYsjgbpQ1O0lKhIqkZETFiUenkjQH7SYq66/qmhYViFGT5492/n9Vx3rvyiYO9WkllmUqYBGcpVMVpout8tSzJn9DRNUFXdd596xI+IBEhK2H2gwJluhiisRvOGGcrqzF5ZS7PrD4PgTvIGL9VxdoHn1/hKL4bxFyK/CMjLdMFXgkX3FQcaIevSAxpGQkxxkpVoWzGn//FMkPmgTSx9FrglV//dIDPZCkwFE5IAay8goS5eVpHMDI+3mIQQ/pHIk1ekhgqTngEbMQCNDf4B5yjNosCY8sII82Y5J46zXXdP22efhmupowIv4i+8u7SMu6nGVkVOCAt8nbknvzSX3lVB0CdAi58ng+HNGmwEXvALQU/5QqCsa6YoDco36Kv6W6EwD4agnDIQjTHdLZ/PrbxSNzrGoUzBKN/+s2d2bVnZs+Cp/7jS9WmaTp1EKiQrHqSXpabQsin7mzH6FE/JqnnwiXAXBheFgVk6BMxLpAams+EsSMi5+iR/oG0KE+jQFRbOmgtmaMR50iNIVMkPiQc8noduw4WwL53d89UW0q43BwAnkFKsIvrM9fvYvZKAjQISBMFbukKnsMhl6YyyZQ60qwGxQl8ywqdJNmammzDRjVpohOw0RKFLB2hxZ8QhV0YRRCP4dt97Q9vknQYcFSKFoMAAd1jPe2ssl3nPL98ZcClOOJTKcNq3ps48i7R2cYEzuJ5EgFV/Fuzfh8+EfSOIBIQGXTbffs3HHzrlzjdkoVPTXZqfln7Wg+/tvO9av2jlvOhoYGVgllRFZeeOODETCuTBXXnPTDRGTmSogIvtKJl58PX2jVKvvnZgdDk0mEkRU7WTcQMzd7Vy7Erl+hGyiEL7vA9YKrpvtzNO7Vn4d7UbFJiFkHGQdlJABU3SiPXOAbUy2bcoE07TxulNP0s4aY5w53jb9FPu0yeZZk3XzJ+kWTDGcPst01iLL+ecZLru46MarDY/cW/P+q93b1odq7DGwfaBjCneSINW8yXv981MImUgTCjHjSh0HFEkFSkV9vw/jz+x33bVjRK6RWVG1WdBkp3d//13H+tUsZNBhgjmBSnnUw0JCRoyWRTnyWhRhDUZiXRJJgV3FlV+kkCXSOmwuIsFIe2vNO28WTBiN5p/eC5n9nEVOjH52gh2JvAMRqrG5FLCjHoHO/jQZpBbraAJry81XOz9+r3PlsrbVy1pWL2tbubzzqy+7v1zRvXJF19qVzg1rvN9vDG3fEdXoYiWOaFNtrKsl5u2KB91MzkrJSWqyEDWMXksYC8P+Hf/9abLdhIxBHVxnS6C90fUaba5veve1LZNH6cAmROWKIQcmZNdfG9EbfjVCtst8kMMSDDbVW554tGjMMNEavt8DYR2CLMd5Z7o3rEX3i6Q4hJBx2HagQoZakEkl006a0PjKi9HWplgINGOeYNQLfFfMD4oDpPGYVxC5brDcgYyeKH8JmUP+L+EdJD+Q7inVMCgpdiAy9lMKWdJYcrhN0C/2BWMxp8u9bpXxvAVFI1KM6MxWkd+J3qcD0GS/LiETN0CqugUDgZrK4jtuLhqWCZ+a6YT2c2ALGjPTHBec7UZPr6cL8CmBnBdCxnOnDlSTUepLP2l8w6vAk6FtFVEYMX+SrHBTulR2ZAGiWE6U4xNGg9NfSW5HUiKC9KX3cvYTajJ8MXkPIkXL6GACxyK0MpnKb7nJNFJlzepnVZ3IGPEDFLJfl7mUHAdOYKFf3F9iz7/qUk22AlBYBo31TsguPNu9kYQMNalDFDLK11MjybhGdCshksCwYwKXMm6C/UeGTIggXUSvDIyU3F5R0hEOkLjFyWpxb8XspxUytOuQkLF+RYiJ7Hy0BRRJL+smjme6gBPRlA82BqRbObrstU/2a9NkEgaflIHP79cWFZ53hjYzXYA/eytkF5zl3rjupxIydCuZJo9tfP3lGPpRYQQZyiD8ZlaRUvJRgA0Txx7qii3VrhckAuheSNpPKGSQdiYMgPYSVwHL39258kvNnJlGgA9QnUsjKiEb6DyUA3/bQkZAF4JTYUncnsCm77QL5xhVaRWcg92vkEk+2blnuNavhk9GSWxu9DxonwyaDDgt3ZSxdW++HOvuEHhYHowi8bcwxz1R1gi6DY4tRDauZ5lb0mhiGsABGMuf2vFnlUoIWYLdBzz+ggLDBeeCzgOFE4CRKlAKIwoq6hbWUArjN6vJqCObhnRgPVwu/4ov9HOmAE5NrW+9EzIkvu1nL+xetTLm7NxDyA4qukS30lDNVHQrvRLrRiaThVY0PPN/xTh3CessWcsE/pajmJ7umaAW+gFE8I+rtJ9Qk0mnQrWrADo1wlUlVTfeVJiTZVfD7wQdPRLaqeCpRNc0sN2cJ/utChklHUCrysWI7m7XR+/pZ0xApYg4uvbnkPELQFKXZgO74oqvoujFpb6/XSmMg8iTcbdSKgnZm6/EuroEM4yYnkG6llrwyeffhTiQwGD0zxIGgmMD8bSIAf6Dmoy7UlC78sebamtfeV4zeoRDgdw9wCP9bepBFrRzKodU0kjaA8yT/cp8MjJwCN9YX3R2trz5inbiSOJApOL3/s0lXoNcvG3hPMr4g4RDKitJvji3kfRM9zNE2eMRTIsog1JbEdXCCd5DvI3MZcrNvePq3oAm66TaC0//YvYObl/gGUhskBNuP2kvigc4KSbqKhxxslxy4NwLXyz5EuGjYj4xGknuudswIgd5aSLoQ88+Me+BT54bSejCUwzzpzct/5gy/lJpQ3yZBDzBIyZ3D4E8ovOzT4vnnGrJApwdUCWQhEHIBpiAFFcTOyQCeU1Wxs6zFiIZ287JWPQr7JmMFcQ2qiHI+NfekMyTCS+BHAa+SimzfiBXzFjCQMBfrHHccAO4dpldBsViYCOIZlGw+vRoJFmHbiWYFAH6TnR89ax27LnafXhFkWUi/zTS1lb/ryf1o0GmCiaVXkkYtiDcC9tpc9qXfRppYVYBvtMCDSzdYHHFSV/c6234x32aYSpiywHNRDq6cOGdQMIInUZjmlQpuikT6t58DZoMUiUaGJkHR7T9cD5MCNmuQyR+Jf21C1x0oBIm7hc+CZMmSsrr7rlXPyIX7DKi/YnIsygLT0A61L4s6lTjvFNb0EHe3skYMgH7FNwtzOFCpdwQmvqdmzfZLrzYmJkJrjl0qhI1H9F9DbKo0XiMjj1qAyvKSd8Jr2PTd20bVm+fNwPZR3wX4UqY5ZSImJnP1pg5ZGeevPpGZPz1yBGK60t+t1DcSchLr/aWiKggZBoN0RRkK5kLjGZ8E68nA70ITSgfpMc2OGNB8zrquyQAteAPkkDFSZ/4B3LfEDI+LzpTErLaxx+2jMgqUQBII4iN9ytqA22qwZZZU5vf+SBc306NcKwak3n/XRBGEWvhy7xuEBNr8+S4eUSkmJ6Odg90pfNMVsgZynNDtVNOrn3jjRhaSJAKS8wxZNwu7QgxzvxANmuvVlt6kWgrkYQME1jyrCpQKxJTARF2kh7CmoAJYQAaXoxo7v0Ezb1ddJYkZNC5lHMh7D2lg8GF1hUAx8S115tyR9bI5WXpQmjQKU16gnkx0d0+0KweUJibRkL2/cb2Dat2zp0BPDDzm3K/AmgNma0XbwHAZGeuohqazKCh8fWS5uQmPg6GEmD/A7hk0t0QMq2m9IYbDJkqxCIoT9P4Zd5dfNWARpOQ7TgDzb0b4h4AWRKwwZ4lebHp97oxuwtZa2vVww+YhqkPQMgA81cP0ZwytvKl14I1LWQeyJ4RCZ7INySFTFgR6twPOOsfukuHoWXULgBzmUYNRRnYOgSwxp6GuTROGl//2quxThIybveRGB1YQxNeisk8DswM7nfV+YYxkIGG44QDZaU1992rG5lN7TMsZATWJX1GNURits5M18+f0/TZJ5GuDjbPVMoiDca5YSpQ+joDhoKyO2/LHznKrlCWpQ4sB2yJCd6IU4P5QQX2mFIYOWmFZyx0fruxY+2qojkkZMS2z9SWghQd9gv3HtIGQsP6a6+J6EjIJD0mBTwJbNmu5vH9XDSrGEY7kpAVl99wvTFTAQQXU7TSNmC2bzwm2L0+K33Hmac1bVgX94LuhDc56yYufXPKO6FX9/hWErLEK2Phlqay++82EhsCIAC902Rk3QbnnzTc8eTT/oo6amigblyqSu8hZEKREc9JsKv24Ts0eRlEHExnj7XmhijiMqG8iUOZYph8Uh0RrsDXIa9G9D8J34MkgF2/XV1s+xWf3r2AtwGhnQD4QsXKX26ruf8O/UgV2uzA4YtEA/oJYN0k6AA196ab5s5qWf5RpLOVw17i1mNOK7aZAW+wzFb92EPFE8aZlPJyLGlGP9AlWzPBbQZ9RrOOGfoLDBWR7haTkJ3u2vBd55pvNAAtqtIIXE4dfpBv6tQn/mnQV8sH6bJk9ddeHQFzDIiOxd6VlIeQ9GST8f4vm+0sXXIk4PVrC0puvBoc54xrJz5N4t7iW0PeYcYggF/yz5jbtGFN3OuRskbsF7PSlqjIeH/9gE/GZ8jiGGpqsN99myFbXqIgPGBvzCWkxKIevAPb/cF/+OxlaLslyl0pJuSSklgC9toJIoyNHuiuffiu4mEyckfQIgAeHiUMEPhwh4BLDEhr+B/6KWNq33wh6mzFFLfEjNVkQyFHkQdY9t7/etMisARTNRRC5g+UWSBkxhEq3GAgInGzMXDdrEbqgVYGnplNmW6dM7Ptk6WRdoK8irww/AXaFsFgtK6m7pUX9dMnm9XyEmLMx4yBvkT8roaw7hIy0WGFdSjKTc8/c2H3t991rPmmaPY0YPypYV2FJj9qhcfbiUdYRg1jhbkZNTdcHdEXoULFHqRUCyE9zAqeR7T1Us3jnsDXhePo9WkKHTddU5QLMBUR35F/zJfJUEKA+XCjh+YvmtNMrD6uXaShTKwkGvFoFDUjTn5Yk7FXHgVI33r7TfpMcJaAV5EUzH4PyLsZ3UrDVLbb7/DpjOh2ZyFjVmL2/aUfIW2iycLnbXrwAX2uGpl9lCmNwIepCQFLPSPpYGUmJmn9lJNYyFrQzM4im9CLrJQ57d/bVeyVeIkXsTnnrkCsIWgKHPX33GMdlsNNwlhogmpSpElDKghHiWyied701k9BgteC7hTm6GAfEmnHlua2997Vzp1lyEYLPpHkgLG7RN3PpgBVJfREAroD6C+PK4ADVJSt2HHWmd0bv29ft3rH3JmwiTTGinK2BHaHvufZQoPRG7Z9uKzy5qvDpkI0pnMcLYF9+CEhPXptLROBKXSvJ+Av1DpuvBF0nnBacD52gHKpZ4LINIHOhWUDgG/HmXMbv1uF4VycrWR3iP1sqaonSrQ/6JORoqHkUyRUW2255TpDNhQm4057J2SA0RXkyEquusK/bTvIVNh/4siWv1yYY2GSRUoVDOfNf78fYyU43w05S4Mmw67lQhZx69mV6fDJGl6HuWyPgeqCqbpFLoL3LRO5SJ97ACK0/5dCgiUaUhKUkMNed+89puE5vI8pRuH51zT8uozo9UAbm2qZO7P9kw+jbc3wwJhxhYfTd3S0fvqp4YwFumwVTWYgMYLOxhioAQ4geDF4AUTdSFsogVUcCt5kJMxQvtRmZmyn6PLb1m+/2TJ/ug4dy0jxAKtInKmAafDtkNE8kcIcZfWNcPyLYiEQabPTSnGQKNcKTvve6nn2pah9L+b1+os0JTfcAGIKwUpMDWnEvUV5E7jLdtkQgHV3nnl687dr4r5ueJ+8GaVcVSJZySipvSwm+WS8iXH3Qujptd50tTErXfBD9SbjD00GIdNkppedfYZv9Sqwt5MWkISMll24hAyggRlCQIDZSl0NjzwIDL5NRi1GdszHVA42czCPtkqjKlWnlhVNnlz76utw/GG7aD4lj6UV9kjM/iX8zg9Y//0L0r5eITQZfTZxbYA6quIf9+aPycUpAf1LJ5Y5RJ85yIyNrsAwnlS9WmGYP7cFNDMMv+ZhpqFYR2f78i90Z5ypG66yss+eCGjozgl2N0w9Q2coBRAQmgzifqPYDcRM55/RteO7tk0rNi6Ytg2sCwrIVppdlm5RoPkUTVlww1PtSllBZnbVdddFdBAyt2A8TAz/TfAyCbxTL34oAKYsKdo83DCXtpuu2z5Mac7ExqApTIB9Q7jNKhB54qrTQcy+ddFZjd9+BwogCDez59PBnFVkoxND2vb86oSQkbkMharKrTdeZcxK7b2QcRM5/KpU86ST295/N9qBCUKCgVPSpEkhYyFBvyvNaqh/7ZXCRfPNc04tmTPLNudU07ypxvmTTPMmm+dNNcydUbxgbuEVV9R8+nm0Cy1GxFUNqA+WUoB4JSKXn0PIOLoUI8Oj6PGoKne8/K9t55ymmz/TNPdUI2zfvOmWuVMcs6fYZk+3zJ9dfPr8ohuua1qzJtyBKBjdHN5IU03bRx9bTj/LkpNL9M3qE2k6EzXt0W2DnobTSaMkoCeIz3ZwrRxUHTRMrlSRbhoz2nbHrV5tQUf+poJrL9UvnG2fM6P01FMds+ZY5sw2zpsJ02yeO0M/b27+ojOq/vlEGPhyNKQkmCK5yIFtjN1IhFq9zPAwuSvqPX4AiQNmc+mTj+88a572tGn4IvvsmaWnznTMnmadO8U0bwpWoGjBovyb72zeXohh1DRymQvHECxuExE2QHS87SVku3ymMAvZTVch18wpx17WLsFxQhSy+uG59c//K9yIaQxcA0rIgyB0FAgKSk7i/8Gwz2zu+HaNa91qz9o1nnVrnBtWdn/3lfO7r10bvnGv+6Zr/cqOTRu9pZUxH7XecEqT9w1/Kpv/XcmRXmzXA3gJASYIQs7cM06312Lu+n69a90q99q17nVrcXqe9V/71n7tWf21a+2Kzg3fdBZs9TfURgM+krDGitblH5jOX6zPycOgIau8r12NsJQ4mCggpdoGqLi5pZQCHRjNgUTNmg4HKF0zZpTj2hs832/FkKFQfVPXti0AwXtWr/CvXuNds8G9br1rw2rnt8ADr+ha/03Ht2u9ek2kqw0E4GwdeU1oeWCyKYvI5ddeaTK8jgm6I+DIDXd0uXS69m9XdW1Y4dyw2rNurW/NWu/a1Z71K90bvnau/bpr3aqOHTv8jc0wlZQPJFgXCTTHS+yBUypjX0LG5rKmElx7iFS59EGzAffvlhEZGIUhxkxlzf33BMtLCCRBulooHcK4UEKL/SlYcdhLojQlGKKXKMaY5hJZmnDEG4YbC52FMl/QFQuQDqPMIgkZcz0IcIfwMfmqkoWMAxCi/b2U0xDcoIwvgjeITR7wxkmGsKQY2h0gNvIQetv4dxAniR5udIUEgP9uX77EcNFZmlE5FjmAUugJRTtMfxoYQ8ktIqbkpmUePKPoT93htJNTHOqMopFZ+ssvaluzJtLhol5d/l5aASwRPAUIEnWJ41vA4uGm3qeQB9YchpLY28VSkANMgkaJMpHG+IEg7wcuHu8hcaE2Yy770Hd5YxEvsb4RPyQOKEcMIcD1unFfEM9i//HwAOrGw81kp06KcJl1jBvydv8B06Lwydnxr6t23HqdMRNhxYDyBL/e/uSMEFEIdDHhoeSay936YqCi+QrxsZAu2mosZBLchbQrrQbW0p+kCaEErsRtTrVwOGEBEMHzSXHRQiAvhA9Aiymcs58hvsQX0h3mTjNBlw4xJ+504VTvasOi1BDTicL9hR/W2tr6yTLLuWdjQAnKFUx6Cocd8TLP8qAaBhx/glqAS4ZHJoKNG0EAPI00lNe058xv/XJpuK0uHA4xrR9NdovQOkrzFkSSQugJ6u4kp5dT0gI0INwIDuXF1LQDiYrYuuD76LM5j05Nx4A3k6DuSo5QyEaXiviGdDyrL6lVXfA8sHvE3P3UG7a3kHFMxbW2UH2D/fabDFnUesWp7d5oMmbChpBRp+upbetXxzxugatnYcDpsrkkEyeCayHnJCdSBwDvOUliWAOKYiWJkVCIkvHlVdwVNfdyr+5Pd/X4dywdp5F5vANV4kU+jpZQhB3SnqW14ptJ9TN/vLW+6ZMl2nPONObllIBMFDETOp/BSQNGBZozJ3jwkbunqWS7apFUUBqiQ0Pv3GkdH70Tba6OhT0IN8QCUR8612h3tYgKSSIdTj9ixaS93EOpi+3XK0uZ9JMoHpSSAUypIcI1/hDxHcJLEdgW1pKJHyHgkv/HQkZtzXvrUGgySD+lW2gOS3Or4547DDmpNMqQ0r77FzKIlz2DhpIYMYNubF7jv9+IofuD8g4c3bL4Cl15QNd+IMt0AGK075dyIYEzfGL1WFvSFiYGAGpWEXJHl0MxDOaa+KMNFdXvvVxw5hw9uiLk6SBEpvnL3JFLwxZoYiaGqzF2Q2qiRISYYgM+Sj5Yh86RaRPa334l1t5Ibfw/lMb8ya7tsHzQj91jCBktGHtM8XBrR9UjD5lGqJCSdtAkpV4IGXHNgYoCNGCDC3IVNXfcFrZjGoPYgdIWkJyn/4jgHMjiMlSNehTo1BO7lH0dRmUwoQEVjyhgjqBBNWDRVzzzz4KZU/RZSp5OR7P7aAAZsl+UtiWoBQZnw2jWpA9CRlfMNLGgEKcebM5VaqZPq30dUzibonCz2Kc4kJP9Nb1WCBlyHLSBI62dDf962jwmF3M9iJupF0Im5s+TbVWmGLMUxoULu7ds48llYnwT/wh5+xWsIfvPfNpJE80WSiQ52W9kOxZztnoKNpY+eE/xlFPMmZAwGhjAhVdKZUHIgGKiDDOZAtT+h9ZQuQy1cCQyKO0EW6GdNbXuxRfCtbURtCHSvLNE7+CvSXh6e65gvxbFTfKowTbd9vqrppNHWVQ0NLQ3QoYoiVBWRKM1xCpPLxo3ofWjT2MdXdJMJCFawrXqXbzT2xP/WV7HycUk/JDLSyJnwpKGgJ2mPsTamlwbVpbcfq1m4kkYP10ORU4T0AH+4QmNPBuaGUMESQxNoKKppUz8Dg1nyEkzzDql7qVnQpWliCJplNePuDI/yyX+Jz4UQsZxBe3ReKzL1bXkfcO0k01KGoHemxQG6TAKyDGxG5PY0rW5w6sfejxYVkbT3cjKJBXYzxAL/uTrJeIpcsVEoZmg3wLJzYhbNJV6Yw2VnV9+bL/iQv2YYRagcRiogynBqJ0LAA+zr/M0YwY2MqSWxljTeHlouMx03bSTG196Jlxmw0RI8oRhoXubn//JL/gwfSCETMQNHJi6PN4VX2vnzjQoMd2yV8lYHtQNQkPgiQeCMMygztYvPt+5ZVOcC/XCMeP0aa/LaYfpwn/4a9jfIo+MKhOEW6L4TjRARIPeQKm5/t8vGs49TTcyE+BhRqkIxCzz1nLHAw25ZckjCBrmmkPDycAxBmd/qA4Ji0njW154JlJdTrk3qcM9QSf6H73wn/XLeVgEp/PI8/D6/Nu2Fpy5UKvO6G0ylnYqsFaYzofpzODTUmtPmdj+2kvRhhpKIInJfERMJYYZ/aL9MqwCtQJzVIwdwklZHukVDmIADyZNVTx8f/GsU7TDMqxq4gZERy57XYMxvRu5e5oNw2PzCJkjYx5ujAfNwORNEIQjWS0rGD+m4aUXok31AjnLKy/IFH7hC3OoEtgnmaEinR0K+Wy27ZdcqMlRlKb3ylyWUsYfPdCAW8EoQMhkuly1/aqLvcX5cZ+bcfkik0EpgF/4WkKfA5+Fg6rkQgHDkfC7I7Xl3Z9/Un7ZpaaRw8yKFLNygAX5VSVceHj3BBsBshd+PQ+3J/g/qJwrWch4ABbRuekASJw6ofHF52KdXXEkWQX+kj0V6eEve/sdopQJTSZCQIKp+GtqCm+5qXi4GpWl3jj+JGRKJLKR9Ee2DOMawAY4FI5ty4fvRpoaqWTEoxkYkfLLFzIMKIRvz20FNMg1FHW2+7QFzU//0z5vtjlLyTA7yd9CkwWkx6oQWCsiD4OE8bgWkOsOwAR0kD+iZGkAeCEvU79gZuNbL0YaapCc3oWNZ/ACpy5+HWHRQYuaJGTs8qJmEAo1NZU88bhmNMbV9krIuEIH3CZCdMwUxox09PAM0I7KdNxzm89kBO8BweVFn9wvfrNyBISCDhfsPJ5wbU3rN1/bb73ROHGsJTMDsByiCkOliOpFYvoQ8yODzp2w8AJ+Jzn7opsNVaPC4dnacxY1L3k7Ul8epXFQzKrL9lFE9Sxkv44EzyEIGV+wlOxGH0R7a/t774AxGkO796HJkvSLkDAYhQrZ0OpUGQJ1YIutqr667FTtabNblqONBzwD8D/Yz+mtP9bb1yVScAd97Xu+kUwYanOBAFrxfFptzYsv6s46UzNquEmVDmghZSjghNHsdyBzqBMzMbVYwqlDh1GkiREtIKumjsWhxhyV+YKzWj//KNxQHQsBUiK1myRMx29dgyUWWEyJoxIQD7CNYry099u1ukkThP6nA0zP/JgyGrTE3DOopA4WbGUYCPyJnV2Zhi66VOD9EcxjNLNmRGbJHTd6DcUxr4vAPwJ7Itnl3XduQqj43wXraW88YZF845JesuyfzPomPlPYoSQ+qIdvIN1wKhKKT2IRA3YPmLDOb1bYb76xePIp+my1HVPfQVFLqFTCUzDnPM37EUhDsUTclkzNJhXIF6LBRJEGPGPxiDzLJRdgRFWkFW4DyDsSNdxe77afbPf8pz+I82TkhaCcwuBGbGSbwbrodJsSI3DJ1QBCmhOJ1I/Fy4rEI7HQ0LwPYtKXqul4jUPOAE6aotXfljlUN21807uvRuqrmbZeTJjdlf/v+SgpG0yg0kvvTYhGAmEu1rGnkInHCddaUqXiTfwLdsoPGBX3jvDXhmIeZ9Cmq33l2eLT5hlGjrBgCDBSqTTlHnBWmvTDXa+YTQF1BbMopuyQkGE1bMp+dtnfqKcIlERK+Y4RI83XXuPauS3qxDRFqWadrG3/p2/64f5+KePPaEJuQIgEw7XlNbferMlSwIunsm4GryMT+ouOdSgzaR8Tw7nEX8zwfKJepwnzqoFWxSAtSM4uvsBXsIX6DnqQ4bGiYnAGo4ST5YAfVHP7XI+ETCVlSxI0/nwKa3uggqQPEnkwUirYUegepCIrwKG+znBzRRvy+LfeuHPsWJM605GO4SZULrPTXCnSWMz3DsYh6sV1KImmGQM0qiRa1xS08WEMCgwluJKLJo523HGzt6gw5oIWx6JKPwkIxQH5A4dbIH6O7yMhg5GgZkkigifcW6y9qev9f28dmWtWw/mguaQAEXA3BNVJeMXpYLCUMBb0W7TQwYAKWYQZhdUoHjmi6p8Ph2pK4mGwJ4i2b4HOYOwMN/ULRM9BLHzSyu1SYPThQhdy70kiCyWw6AlzzA0fhMwi2BZawWAfPZvXlz9+P2azFWVnlsiVVWmplPcCLYpqgAUTnHhgL0JF4pbn7j1GVQwCYL+K5mlyKUmWalWka3JVxafNqH7hnwG7LobmRJpf/XPctV/ZZwLjDztGoTT3f7B75nO7C7bvmD0NEFk7RYvkhJFg8dzx5OReYSyYT5/Q6wnXhMIFQlNx35FeLS+YMaV92fvR9tooeF8F1o3cIFIyAjyTkLZdxrQ3S5j0yCQjLClEQjQyEouYZBMFbYnhRxjPxJeGAMqNdbQHi4uaXn3ZcsE5xScNN2bJkY+oRBBDY8vQJtnfouxnptl4tMfE6AL0GhGGJ4P4LLgTAvhpZMigv2W6kcNM553dvOTdYIUjIgoeTCrOPu/vWtb6wB9BE5HEoUD4M9TSAsGa8vI7bkKnsiVzsDGTWvIrKf1Dni/PjkB2m34LBVZOICqki6itDZhPiCP3kNGQL6s6rThbZTz/HNcmgBnbSLuICjQrGSKpJnvJAIcE+Xzv78buDhhD/ZLMUkKQRb2MN46UYOfUAYgS4iFXrLa8bdmH1VddZT5loj5LZVKhM49MP3dOs9+JiiT1uDJ1BY80gPbiRCsBAjjRSjqeEHXKDN2o4Y6rr+xeuTLc0IiyN9wD7hPmtG4CZvi7Fbg+3K9CvY1sakQeGlCW9s7lH+pPOQk9mCY1ef2QsMp0minJQAOKBmAjmJ0Bza4UV9K0NrIsKDGhqIKOCbyG7g3krHBUnu22GwNo4SILwhPruQPBl+ijkpopRYzXSynbPbgUYFoarSJwowK5ylFBIgAlHYYSdzyCidIN3k3rK0DIMGOqMS8LfRw20DvCo1KDa406/Ow8ZQdqWyRxKGvPkz2RnoB4gTSARpvjGZ6Xjb4bzcljKh+415e/M9bpZFZ3WkbR/t9bsH1vtPev9jVCyETDt+Ad4jxC2B8waytuua4wL8uikKMFDxwC1ATByTPWXmQiBdsMJIymtaENWoX+VRTsyFcDAAaWhTAwKKpkZhScNKbmkceCZnvc6SEqA97jMNI92H+ERPQaQdtTyHgwPcSHhSwhYdTqIHjN6VMR0ADfHO1u9FsKq1551nDWIi3R9chtIFcjP5Ia+9BkSxw7aN9l1jRM2cFWgVdA/qia/H3iDaBecCoWIQGLwEiXJ9POnlzz7BMBmyXmJ0KlBCCZVLXoqDnyA3MpcNkJvDT7yJT4bm9oWfaeZsZMszzLkQZMyxAHoioi/6C2ETG5lxQV3RIgY4ciQwb+IzRJAyNUmjHQyjNNWfMho4G8hlJ/8uTax54JOhzw+ag/SZhNclq4HYLFQYAf9u5E+IH71MNYcgpKeHic9BJNC4xw5eQfmigxCM8ZthsaP3zbeuVFiP4wJocGqRAUjBoUOJqBEQROmggE4ABUpaXVpqZV0/xycvZFG0iJDGoMnd+4cIzhSdcjNrpgcdNH74WqSmkuNif4GOIoghqpo+qIkFFzr2iXlfo0BD6PiuWegMNU9dAjujETLUo1I6JgL6R2Z6w1dBt3rhK+hdmEYWvIocHo00r04ajBCQiLM6QCXRWI1NJTLHK5fvzEikcf8TtMyHkCRENxraSQOPxARYdK1KLSsp+fZOJDKlhIppHZIDjtRZKL5F/YFfW1hMttTe+9Z7vy8oIJYww5ckCiUc8AFIxbYEgNM3IOJe1+Ir/Kaiy1Oi0V0zY5fYNwsn+VbGA1EymgAKDLVemnnlJ5793uLZuJX5LaEEWCj4jvAELEIbbP/q9kf1f6G/h3ErIeOU32lZkyhwAIrk7X9xstl1+pyc0rkWdAh9E0SVC+kEoT2CmCtYhcBjY3WqUhbfDeEJrhxpCXQ+Pc0qrAkQR/jiZjZuSfclLVP/8ByF7c7USWkr1iUXEgJSBypL0pcwqFJTXGSYqQNAkVBKmrjMKXeHd7qNLasuIj6+03aKdMQghiUWfYMwZVKZB9wBBgcAjC4qdCDXNOlSSJRmBzwkLENLSLYCKVAyrkA6rTBlanw3XLKBiZoz9rQdOrL9IYTbcLuR9qZyaaRy5+0pBasOQI/NQRIaM9QmWlHsqMNb3QA7jl6LltqW/55EPzwtPtmapKWEw5uJOQOoIHQzqMoi2e18wVJ9yqNE5nYKgxSubIiUP5pdP0U6J+gAo80aruR7nKCWOqHnrQZ9Rj0CnxeYnITwibiASlnOq+9MAua0m7RMgok8bgP8Dgez3hqqqub1ZWgsVu3qzikZn6zKEmUJuoEAUTPwAoT5jsg8oY3JQl0vcQLwSVRO0k6mZgULOq+oGfDOfPBe8M7diR5msubf1qebS+BpTpSOTSVBQRx0ppFJKzpHN2RJOxkPFPYtdx4C+BWKl7Mxb2ogDQ/PYbpjmzLGqFyO8TUwhZT3rMJJekzETOjIaZcYaW1AAVmjCaiphBwSJul/dF7QUOjUWdvn3McNPN13V+vyHS0kL4Km7dFQ4NV3lgeATPF8EGe6QgkoWjREaCXi4g+CIFFor7PeGm+u5v11c88pBhwVztiGzwUlnBM03w6AF2eFQMznHwxFbmY6LaK00rp6ZIYJbIrxfsPei/smJHqcEo1hdTwPV5SuO82TWPP+pBFAnud5q2TrHrXvGwWMMjamyXnZeEbG/Dz41gTI8GP72ytOntN3SnzTXkZEK8SKTYG+ObJNXOWciIn5Lm1nAzBcNgxHBn0nkEUFbxLEvFAHNmyvbhSv0FZze8+07I6uCQEwLNtpORXDg4fyY6mYW4JSAM3OzOAyQoZ0+DlindFgDgO9JY69uxpfr5Z3XnnFl00gi9OrVENQgYaIJVKqkaJk5SzGQVZ8gAV+QjKPVFlMHIsmJQK2poJGfk76MvV5+dqjlllPXqS1o/XhouL4v7GDl9xOHqtbf4o0JGbituazAScXmiru5wbWXTR+9rFy/SDFeZM5F0/RuaR5CnKMvAeOxUII95Lr0AWpFgEU8nJ5Y4aUmBG2c4uVVf2b+C0raDjDkyzcyTy/9+h3Pz2mhbHVFjENqZAYOE1k4knHg2BLEHksISRU/iXOcXEz9FNOyOdNa5CzfXvfgv6wXnGsaP02epzWrQhaYBk0N2kPx3AVtFvIJh6vCuyMpD7gkAp6JEDCQPbj7MaCXZekJO067AgObsTPNsKLDHXNs3R1sbiIdCjFs8YggPXcgo44P7DTLRjq7uiupgewcgK52b1lrvuaV46ljQSyFAI3gC6BGRNqO5vqIzBw0UZEBxC5EcB6cIxQTcCkYZNZHehCCmMYe0bJBBNbDoJIXmnBnVzz0YNmyPdjYRwYkgMBDmiGd3wU8UAG4Jf8/sv5RVD/girU3+nVvrnnvafP7ZmvGjjDkZdjVUKZx6akcrIRo3NHZTbzf6H3E+CErAzVkGyh1lX3DAsg5DRgb0rWllcggl0n798ALgp6HnjJjtcNnlri9WRKtqY14/QJ00dAejnw+UDKDX9+M3+cIf1WQUKVH1LRhxO9vMlvLNWwNNTVFXZ8BuaXv73yUXXWwcf5IlWw6DSK2XtOmppsQZf/JvIGQUZpJuA5FaugVZdZrZTq5bhQwABxxpZVQN7OtQ/c2Y1a9ojFx37vyaF5/w5m+NNDbGXSDSIS4IhobQaCXBMEJVdpwVbrTbH6lvdG/dUvn004azFhvHjLUqFZwj7VeighLqW5YBoldUFUEHjO/CFB/StYIBBYJFHWwqNL/QeeIkkY5BpRVeJuj4kPcHzZ0ZBKVzZ9b981GfpjjuciNcRcDI1CsEJe9dBPybFJiDuagfN5fUko/QyReNejwttaWrVld8tsJXWgVu/VhLm1ejq3v9dcuVlxpmTDSMyjLlyKDbMGQe/LGCXISHdxD9riCGtSpRGYSjA88adzqtHECa9DTceLBFlCn+BjkzZQ4ozFPsnDBWc+4Fjn8937Zte6gDE82JhkoQ+ccCxJ8T9Xsi7U0Bu7lr5Yqaf/zDcvpCzajR+sxMq0IGoFGFDMYOpWtMvO9fBlgbt6mVkWtI5Vdm2qacPg6ELMBQVBMTLGFGOJwkuwkW8cLhmUUzJ9nvvKlr1ReR+go0kkBlknQnKhKJ0tXBLPfv8z378MnIWGI8Lg4kZl02s+n5F6wvvOQqLox2NMb93XFnR9Bqaf/q88qnHzNdc1nB6XOLpkw0jBllyc2yqmVoS4RigPsMal1hKx0cr5mVQ0DLaKF6jhxssRhib8vNMJ6UWTR55Pa50wsvON945z3GV16r3rrF39aMvCYhGRAN4EScrmBNtWvHpoZ/v+y45WrdrMmaYWoLeV3Ux8Fc5UOroJN4hAxy9AyrhEwTbzQ0lpWq3VRqRNjoYJAIqAOQ94JmRV0SSBOTaqAuJ71g0gTdVZc3Ln03WGKNe7pjIb+EUJLCWKnB6PcpKwd91fvQZJR8EvEeLbSzo33jes3dt+vuua3lm2WRWmvM3YZp7ZiAEmlqchsNbes3tL63pOmxJ6tuvKXkwovsZy60LZhlmzvVNvsUy/RxpsmjTZNPMkydoJsxUTN7snb+dOMZc63nnlly2YVVt97Y+M9HWt55o2nlV+07d/hKStBnQCxz4HhDG7rHFW6s9RiK2776rOyJhw0XnaOZhKJQBrGyEwBJmOYByKxWkoQR9iYBsSRNJgw3AkYirlYRewB7YIMr0ogdGNUI6rBSpmvV6ZrRmYaFc6qfedq5Iz/a2ooxMMixoteKkePMWUkHLciRDOuBSts+hEyCl3I2HmIWDDfX1S9bsvPi8zXnn1Xz9MOuzeuiaHrzAlYaBolo3O0F63OksSFQUeKz6L2FWz2b13av+aLjq49bPnm/YcmbDe+92bjk3aaPl7Z8vqx91RfuLeu9+kJfiSVYVR6pr4+3dcSdrrjbTd2aAQ/qTtG2RpehsOGLZdVPPuK47ELzqVONY/KM2TITdWNTToQH/lB6Al4gWecEa59gV6AsK6PfaOIB6JzSkdlHBQkQkkGVBEaiKiQSZmaFXJudrZsxvezOm7u+Wh6urom7kA0h/ATXcEm+JByaVGz/dbTCH6gc/Kyv30eeTGTRpaQidSKG/KHqysY339Sednr+xEn6884uf/zhjq+/DFqtsba2uMdJjI/kw3mjUeghb9zvBmo+5uqOurrQgR3twtEd7aZnUI0hSYoQUpJuJqjyMBPK5Yy1N8TKTaHv1rS//XrZ3+/RXnzejumTikYPN2epSuTw35ExISQqeFYJdJ8OOaPJPzy5AwktsonIbNHMKYEaByk6Jk2rwBidAQqFcjnkDAJK/KMU5GakWtXqglFjrFde2fHJR0GbKdbVSRtGULkJJlROmezqE+CcvpQ4/llvy2/rw/cRXTLETFSbWRKoCyAUCJeVNr3wsubUuTvzclGuKZ42Nv/cBfq7b4Kr5Pl+td+qCdWUxZrrY22t8a5OOFIxlyfu8YIAIe7xxZ0+/EnI9+6uWHtrrLEhUlMTKivza7SelV/XvPiM7o7rdp473zBtgmV4jkkls6tkDmW6HZUDwjdTrb1anlpF7lcKUidIgvA4LUqdUKlUBawRIXa4w5Y8eqoaKYjQkKAiYNmE0UyHgz/UqB6qyZRpR4+yX3CBa8mSYJkj7u7GlBqipifCO2IooMwJp38Zy8s5MaloL4pwR/JkB7APfkzIqEbDnK6YUwMcDW9qSk6Br9btr7BVv/qidv5sXXYG6i3GrCGa3DTNSLV23EjjqdMrL76k+e57Wp56qvmt1xs/Xtrw1fKmVV+2rP665ZuVzV991fj58sZlS5vfeb3l2cea77ut7rrLS85aoDtlnHb0MD36YHOUuqx0Q+ZQG5L16G2E3iKjxmAvOPKwj1QqHQS2VZphpkJgSLhwhhAitqDJHSg2CDg4MxsSkJUmnMlOZN4h6LyhliwVigGG88+uePlf4RI9eZYhXzQM+aIiA2bDUbM7/kvJXm56l7rlknhKgSjYL0zkAO7Bb/6l+zCX3MZGGU9hLmhnExyHhvR5gpWOhtdfMS+YY86Vw1QxexQlLOyKdKtKrcnMzM/J3joid9Oo3I1jcjaNzd06Pm/ruBFbThqxadTwTSNytw7Pyh+mLM7JQOXHitmagANx3boMCG8aukFDwbjlDvUrkiECQCupko1yFnwpO40LptYgqm0zfpAlDEXStBKk32AZadBBSgV8fOaKxwMgRAzZKu2kCZaLLqh94dnAzi0xV1s84uWGADEfVEiUaPxMtHMm+jYFjCAhWUcQPAe2L/bp+EsQvOS6U6gJpUbbPUAFzZb337FecI52bI4xC2lMKvlRzpMaKzAfiaTHDPpF9VAMm8bEZwt1yyFbloYuJivoCAkaJErUUvWTFQ9NI4OccYKNy1OMfuYHogya6DfmHjWGHGKuB30I/0mgcCT6y+B+oQqO6iSRHqbpcjN1kyc5rry88ZUXXNs3xVrqYkFUhyTusUQZUqioIz8//QrsV8iEhEk9tATMoImp8FvAQYnkQkXXuq/K77u1eNakgmFqU6YMpqombWBtOo9VQ5+PWlQGgTNDHzYkj5pjRV8Gd9dJIHqG2Qiae9QWiYapOg3IW0piscCJaY/S6/EyGh5DlpR7IfkFIIRHXheWkfjAUJFUDDZkpRVlywpHqC2zp1hvvbZx6Zu+4q3RhvK4v4t46gmKz2aPkUZUp5WGuPz0S3zkE/dZIGfufLSXiVkNogmA/hZAHLSdhV0hVzPy7y3Llpmuv3H7xFM0WZnw01HSKZX/zab4P7Pyb1YC04I3FfMTgAHEY5BMAYBKJXM6pGZ/SfLA+AVhQq6LxsNwtYdRXyhE0gEHX5DL0eRHyuwTG36JCh/SrzSjbyUNDCSeaUtmWkGe8vvxIwrOW1j59MPdaz4PlOijzoZYsCsacYNEHT5mEJgzARcSssZCdgSS/zPth32lMBgrj3EVlBXF4IKe3OMQsRAmiEQwn5hAzrFOT7C0yrViddnddxXNPbV43DD9CLk5B/PPCK5dDtRD2mA0MwLdQI38pHKSB0SN0BDUdK6iOXtcmBI4IlJR0GTChRdHggefQIWlILbF4EjUTAEXy0oxZKdrR2QVjB9dtGBuzYMPdK9a4S+zRVBxDzrRfQf6BUz14MvBNuHGdSFewrWXsLlHzOXPImb7ETIG1pAmg5ABB0GhPdDNmF0DKH6Awy8CgIkBN7CjgVhnq1ezo/LtV0233GA8c4H5lPGOEXkVWaoKJdDb6DeRXCsukyNHj4YA+o3HPHyZxnag+IPBpSaMJRPSRrpN+GHkcjENQipSX6bMDEuu0pyn0o/K0U+daDx7oenG68qefaZ7zepwZTlSbiDZx4nzuGb24yWkNjeaECqS4hlJzo5gw34W0dr1ofvGkwk6ex6tzUOTGcbILbRiLFgCyyog7lL7JBqRfO5YQ50vf3vLx0vq//Vk+W03ImWgmTPdNGWcZfxI46hcY26miYaGptuBm1WkobZNZEzksVGVE5Ej1dpVmAWJPGqaQ5lhV8mtmSpLXo5x7Ejd5LHEqXnmHOsVF1bcfUftc89i5Ix/5/ZYTXXM6aRpSHSmUmuaFDSKxBZHycmpObv4EXo0Pv3Mq/07/fj9CBmrKGL9gUYT7f/MMSERAAg6WG5hReKWe8DYj2bQIVHqETisoxm1o/adW1pWfdX+/tutzz9T9eD9tltuNF1xmfn886xnnWE/fYFj/lz7nJm2U6daZ062zJximTXNMneGbe6pjtPmlJ2xsOzcxaUXX1x2zTU1d9/d9NQTrW+90vLpkvZvv3EX7QyXlsXb2uNeTNTCcDyqM0r92lSg4N40htaKCmyy806QZIlrkLIRSTn7nYrBz3vZ+ywrwVURhobH7TCTvZAzSBUJFh5LLbXcjJ/0ciR5I3tEDUQoSKFUEAW1SVdnuKXZX1vrLSt3my3u4mLnli3dGzZ0rfoG5am2L5a3fP4JDjzo+PKzrq+/dK5d5dm80VuY7zXofHZboLIqXN+IEhY0VgwcjgGaU8ajvZgdiHWsaMDkMWHSiCuR/RInl+iXozeIo6cWO5Jg/Zlk7YeFTJROJEbTZAjGciRg0TyhjBhNWIMl+r6TyfFkeoBZD8RoPBY3qVzDTR/w9PxU3/S7YgDVuDqirvaoq40OZzsNhnZ2xDxdcb8rHvTQ6CEMluN5ZswxwSAz7qVl+81NmzwZj+dVcgNRwjKyVcePGFOVEK0efpi4viN1op9JwvCxPypkAlYv9dn2sCY94n6pBUzU9XZTCSQIXFyWXG4SRQZRU94DBOPAdNCkVJJUoE3p4K/iIcPUGCsoBviQvD9yA2n2H6YwRtBzQrM8ef4MzQjhub4i/hWSlHDIuGkoIT2JJiIRTu7eTdQzmfHzrfXv9pNBsS64nCT/pccDkhKeg0lqSKoXSyopSbvJD9g0cckPd50aw+lt4mOp0QPVz4QLJDpghXWDtgEnhmjvTXw+y0dC3YkCtfjhc0koxESTEoE46JP52+hdPClSRCDiYB4WioeJjKyHb5b8XIaH8SUwkwazG+xZl9xlRfeqLCV2luTyCX3N0pxcT0l3JpXo7+MBrYCQK1q9PuGW1khTS7i1IdyGoync1khHa3O4tYmOluZwSwteE25p4wMP8CeO5nCzeIADr8S78F5x4L14l3hv8uA/8ZamZjqkN7aGW9vokD68xwPxvPgn6QX46lb6hOaeH8uP6ZnkGSY/BK/El+JacIizwmWKA98rvhq/6RIiLc3RtuZoZysZaBhxyWfjii2zD4hcLelS8g24wVOQ7BJbDRB13li3K9reGaFTxec38zLyetJS/N4OlhwSnqZwRzsa3vrUv/p648uv1L/xYt2bL9a++XLtWy/VvvlS/Ruv1L+OJ3G8TId4/PordfSbn6En+ejxoCH55+5P1ok/E0/iT7ySnxRfIX0yKu7S9yYfvPHKXk+KN0qf1uPxbh/Fn7zrDPGy3Q+6ED5ersOZvP5yw5uvNL/zRsuH/25b+XHnlg1egz5SWRVD3IpcDIroqKGRjiQCBJpLEPHFAy6gz2ONtSDzce7c0blmdfuyj1ve/XfjW6/Xv/FS3Rsv1L31fO1bz9dhVcVa8cmIC99jxfZ+Urxyt3VOvL3nR+29+D/2+T0/qsfi7+vExFt2O9ueNzd5Pns9iTfWvvZS9esv1bz5StVbr9YAqNfc2kd3yimGUybqJo3VTh6nnTS+eMo4HEAr6E6ZgGc0U8b+do7JfC34LR6Ig/48qXjyWNAoa08dr5k30XD2nJIrL6l+4N6a119uXPWlx6aLuzpoQi/sPrLNPne4vrJ923fVH79f+cxTFbfeaj/vfMu8OeaZk43TxuumnKSZPEozZaRmKn6PKZ6EP39DC9grYRhXNHV8/uTxhdMnbZ8xadtFi90OS5+to0duHJ79/ajsTaNyNo3M/W50znejcjaPyNs0Im/jqBz687dyiMvBb+nB6Jxvx2R/OyprI548KXfjaCyCOn84AEgKbbZaM2pEweRxBafPNFx7ad3LLwaLiuLNzbHysq6vPiv5+x2a8xflnzqlaMLY4mF5RZnqwlz1tuGqjaPUG8ZkfXtS9sbRed+PGvb9qBEbRw7fOIqX9Pd0bBw97NsRud+NHLb+pJGbzz3DbdX18axa4f7ma8/qzz2rv/Cs+tq95iv3Gjz4yvPNCs/qFe41v51DXA5+Sw9WfeVejetd6Vn7jWf1154vPvF88E73k4/WXHudYcHp+ZNP2Tomd9twWdHITO348Zqzzim5/S7rVdcUzZhaPCqrYLhqx8ic/HGjimZOtV10buOD93S9/rxr+RL3ys/dq1d61qz2rFrnWbXesxrHN7+lNezNtZBEYWFxrPwCjJbwdPvEuzvjnR1xV2vc1R53dsHViDvb490d9DxoRX5LRxdfDn6LB93o6uvmPzv5mW6AsMkydrXH6mr8BdsbPnjTctf1xQtm5I8ZUQys9imTLaNP0g7L0U8Zq7v4XMcTj3es+jJiN8bb6+POtrirM+7E0RV34XOc9IAW8De3hvuVByFCkCVgQrubKf0ZjfTxrF3jXvWNa91K99rVnjXrXGvXuNau8q5Z7Vu92rdm1W/m8OJaVuO6VnnxWzz4ZiU9yc/4cL3fbvBt3ezRFrpLLf668mhLQ7y1OVZq7163wvr4/ZrFC8wzpphnTrddcUnjO68GNPnxxloMqA81VvvKbV6Tzluww/f9t761q72rV/hXr6Tjm5X+VXjw21nD3ggDltS9brUbxmHdN641K1xbvw93d/SxLJpvOn2ueeEc6+mn2RYsNC08zbRonu30uY7T5joWzP4NHPYFs+k4fa9jwSzxpA3Hwjm2M+dbzzvLcPml2ltvdDzxUMuS91zfbQo5ymOovVYZm756v/rJB+pefMq1+dso2mQa633awvaVX9S89pLlvrt0V19muuhc67kLrWgmXUgfW3La7NJ5c0pPm/MbWMADugT7AgjSPOuCebYF800LF1huus7nMPXRA4mVQwwDDIyW6zPTtNkppkxAIcA5MMT0WzmMmUB2YLLpriP5pylrCODjxswUnSpNo1ZpsrNMY0bap0x2nLW4+h+PdH67Nt5eFemoClaaQrWOWHuzz2prfPut0muuMM871XTKeMOIPExv0WRnFOWkFoJkKjtVl5WqVw81qLGqqb+ZBez1hUBsgLxPB3GEPlOlmTfLayjqY5P3twFrqhiADmwQpYJXHISdQE5TY0gCJy3Qz7/qQ2BuxW/xAFNqaPQuWqGo2YlQa6DtKJHLSuRyEMkSE1FWmnFcnvmis9uWL4011sW9bhAXOLWFtocf1Jw6zZhHs73QDQpCFxoqpUwF/QKtr4rnABEtKA7qf/lVr9uBnjw3+4gxD1gNhX7WqV6Tvk+JKsVOfWOYUZVamYYmWJClE/MgTT5jRsXf8EE95dTmlGLPoG4UXCkeEDQSXQVAjatOtCv/T5+Trlu4qGnp8lhti8tgND76wI7Jo9C0xyyT6LCicSRlgMQp09DKgAONLcQOTnjxgZg+jv713/AC/tClEfcWzWlUphkyFcWzZnqMpj4gRAEFOhpAKtPTKkClzoz8gpYnOcX91/4AXeY/cBDLARHCE5saHwQNV/Ytxbw36hamuSToQrCpMopPmuC49yH/Dk3jsmX5p5+qyUHTXl9i8yde2QF2WV8aQghWswxgyjHqQExuBFkVmIsErza1H/9ODqwhaJrKFSeinUenStHMnuE1G/pAvVto/xFbIo2rASe0jBqyue3xB5ZG9HSItg7i8/11HCxPQqrQ0cQPiLxT/OYDDxyKvlZoL2IiZtIrEheQEaUbRo0quf0e/+adTUs+KJ47zZwJRYU24wElGf3tin52dT8HqM7kJGpob6GVoRY97FtwUKIJlDnCf21Hzy3R43b3aqtgHcrQLiTvRz79nBk+owZCNtSshFdBZCRY+qqMAdUZxDFOFEtidtDuB+Y8ioMmj1BvLVNHi7lxu//e+8kffGVv3pi4zt2+gia8iiEpux97P0m940Tcv9shXQhdhXRAtmw0rJNnWVL/OpgNMNQnxTIqr/TOO7zbtjd/9EHx/OkWNTiqBlUR/exgmxxNCYKDg1pmoBQraH4ZsYfSkqJvmXphpDPs5dni9YlX7rmq0ny+/a3zDy/XD90mnmf9A0fPm5683XsLww8+Q2POsEtlfdGYaD51is+s7YOFsMrSSxQ4UkqVmNBOIxHQc4uByCXUGk6E0D0PsOgkDrC/8rHXaw7bM8RG+wNnuMeTPGkLPSx7HKJzmPiwh5QqqcMAvhRGkFSDED4DYkGyQuQuGYNsGKl+983u/E2Nn7xbdNoUbFDQTsEVo05SuLBoT+c2Y+6OGYxudVAr4OYR37EKE6V3nQzOtmz3s8Wfez+JK/rB6zpsqypOgI/kvcYkjV7daEEZ4QARDugslSmmWVN9Fk2fCrhiMmV5hoy8YCXNGQGXCZjlIGfQUmAJ2PPYZSuZJJb5Tv5TB89xYp3a49jjTzEMCuxRexzoNYeUwKLhN5QWhAbMsZAwTB4pB+sCNe0RgR6Uv3W0yn7vja6CTU2fvFc0f4Ypk4hIQZggZJT72knCmAGZhgGQIkE/KQitaMqJmCL9A+e53yd/0F05PEu9q8s1cXN/QBL2lg3ezOA/NNM048FGdZpuznSvubCPVS4zK1QWpcqQKQeZpSkzHWOR0Qtu4MfiMKv3/G3CM3wY1emGxCEe93xm7z/Fi/d4zQ8+ud9PwwuMmRl7H4bdnzSpZXwozCqF+J14IOc/5SYcShnIH9ETRU6YjJhvQdFNG5pI9vrbRilL777Bs+P7lo8+0MydbVArwD9lg2+rhPNBUy9pqCqyjCosSIYerAjqVIyOA408MhpYveQZ4sTQydfzhPHn3k/iBdIl7LW2yaX+sXU+0MWnNeRD3MrkbQV3OM6Nfvd4MikJPywSLCfGTJlGrdSqlRCnomx14fy5HkNhn9LFC+1nn2E/e4Fl8TzTuXOsi+daz5lvPnee+dz51nMWWs9ZhMN29q7f1rMX0oEnz1lkP+cM2+IzrPs7LLu/QPz5g0/u96P2eKNl8SLr4kXid/LY40/r4oW2xafbFi+wL14gficf2M45jZ4593TrOacZF842zp5mnzjBMCxbm43FSrPAkcAUdmj0Eerq26/3b/6u7f13DbPmGFRqk3KoST0AnaEWdaolU2EdOcw2eZJ13mzzWQtN551pOvdMy+IzHeec4eBV+vET+4GTFy9OXMJua9tzxfZYPbFuvXly78XHHcQhbiV+iwe25G9xCRCAnjKwu0gI8ZDk5OwzS846p+LMc8oXneE4c7Hjltv9dkufiKYwrCkKawrC2h0h7Y6wZmdEkx/S7Qjq8sOa4nCx5seOiEYb1eoi/8FDp4v06tBGdcVRXdEPHNpCfhKXme/buc218bu2zz6ve+VF2x03as84XXvSOIM61yFX2kbmVt55g3fbupalb2rmTddmQeur9SOG66dNtl98ft2jf29d8nYXcBzbN/mL84N6Tdigjei1UTo0UZ22dyf5I9dyWJYX93GPAze357EPMdjjnyLF2mhhYbxwZ7xwe6xoZ8ikj7i7+oAVFQf3+2D8DLoxRA8vA/O5yfLXf3CbXO+OqD8Y7mzzl5o7162pf+JftrMuwZC8wnFjrPfe4t65vumTN7cvmIrp7PoZs6tuuqvj/Y+9BQWRuoqopyMU8aLDBW0L4otoigWx6fHC/hbWsPdigOsNxCKYOuWOh90g50KzTx/0CdHUUeqkkXp2BK8KT2YQLbH7Onp0gSTbQX5xD3ZvpUoOaNrzAV04uBZBbhDxRD3t4doq13ebyx7955bFZxX9/V7n9s31H7+/+fwzi6+8pGXJhyEz6pjdMX8APcw07oCasbhrItEOuKujeFejzC9uZXo21+z3XvfmBQmCXTHwWxqdR0KWmP7HvW3cBcvNa+DQF61F+zqEDvyFHz1ZL/bxmBowqeMc1+sLxzxhoPs9TvAs1678wv75Z10GS9umzSUfvNu5Y0sEMwbA+i7428QhEYWLNnVBtsvTLX7xi9Obu7xfMUi+gJveErwDEpdNvI9ockt0f0uTAEUHr2he+00c3GTco+Ey8Xh31hVBHkMdfr4gptzQYKlwLOiLuNr97e2hLk+4vTPU1hIJepjZlJvsqBuPhklQ76AkW7u6TbkF+rexgL2/ikSrvphQxMNt+yRoUQUZgWjSJeabA+ip3qPV/xf4JzkDyZ7xnue3x5OiaRI/gSA1jfCkdBhDzAijdlJ0l+J3MAyKRlJ3olkU/+UBl0Q5w1MRezIY/wKXYu9T+ml7jsXnJ1jfxKzu/w+ax+YEOhL/3QAAAABJRU5ErkJggg==\" /></p><p><strong>PHIẾU TUYỂN SINH</strong></p><p>(KỲ THI TUYỂN SINH ĐÀO TẠO TỪ XA TRÌNH ĐỘ ĐẠI HỌC)</p><p><strong><em>Kính gửi :</em></strong> 	<strong>Hội đồng tuyển sinh từ xa trình độ đại học</strong></p><p><strong>Học viện Công nghệ Bưu chính Viễn thông</strong></p><p>Tên tôi là: Nguyễn Anh Đức                                                                         Nam, nữ: Nam</p><p>Có nguyện vọng xin dự tuyển TỪ XA TRÌNH ĐỘ ĐẠI HỌC  năm 2025	</p><p>Ngành học: Công nghệ thông tin</p><p> SƠ YỀU LÝ LỊCH</p><p><strong>1 Phần bản thân</strong>:</p><p>Họ và tên: Nguyễn Anh Đức                                                        Bí danh: DanCru Nguyễn</p><p>Tên thường gọi: Anh Đức</p><p>Sinh ngày 29 tháng 09 năm 2005 Tại: Thành phố Thanh Hóa</p><p>Nguyên quán: Phố Hưng Thuận, phường Quảng Phú, Thành phố Thanh Hóa</p><p>	</p><p>Nơi đăng ký thường trú hiện nay: Phố Hưng Thuận, phường Quảng Phú, Thành phố Thanh Hóa</p><p>Dân tộc: Kinh           Tôn giáo: Không                  Điện thoại:0822153447</p><p>Số CMT/Thẻ CCCD: 038205000950            Email: nguyenanhduc2909@gmail.com</p><p>Thành phần gia đình sau cải cách ruộng đất (hoặc cải tạo công thương nghiệp)	</p><p>	</p><p>Thành phần bản thân hiện nay: 	</p><p>Trình độ văn hoá: ( Đã có bằng tốt nghiệp THPT, BTTH) 12/12 Năm tốt nghiệp: 2023</p><p>Trình độ chuyên môn:  Cao đẳng    Loại hình đào tạo: Chính quy</p><p>Chuyên ngành đào tạo: Công nghệ thông tin</p><p>Ngành: Công nghệ thông tin       Chuyên ngành: Lập trình web</p><p>Ký hiệu bằng: Chưa có         Số vào sổ: Chưa có</p><p>Nơi cấp bằng: Chưa có</p><p>Trình độ ngoại ngữ: A2</p><p><strong>2.  Quá trình học tập và làm việc của bản thân ( </strong><em>Khai từ khi 15 tuổi cho đến ngày khai lý lịch, phải khai liên tục, rõ công việc cụ thể, tên đơn vị và địa chỉ của đơn vị</em><strong>)</strong>:</p><table><tr><td colspan=\"2\"><p><em>Thời gian</em></p></td><td rowspan=\"2\"><p><em>Học hoặc làm việc gì</em></p></td><td rowspan=\"2\"><p><em>Tên đơn vị</em></p></td><td rowspan=\"2\"><p><em>Địa chỉ đơn vị</em></p></td></tr><tr><td><p><em>Từ</em></p></td><td><p><em>Đến</em></p></td></tr><tr><td><p>2019</p></td><td><p>2022</p></td><td><p>Học THPT</p></td><td><p>Trường THPT Tô Hiến Thành</p></td><td><p>344 Lê Lai, Đông Sơn, Thanh Hóa</p></td></tr><tr><td><p>2023</p></td><td><p>2025</p></td><td><p>Học cao đẳng</p></td><td><p>Trường cao đẳng FPT Polytechnic Thanh Hóa</p></td><td><p>Beta, Tổ hợp giáo dục FPT, Đại lộ Võ Nguyên Giáp, phường Quảng Thành, Thành phố Thanh Hóa</p></td></tr><tr><td><p>05/2025</p></td><td><p>Đến nay</p></td><td><p>Làm việc tại ThinkLabs</p></td><td><p>Cty cổ phần ThinkLabs</p></td><td><p>Tầng 5 - Nhà Sách Lê Lợi, Số 51 Đại Lộ Lê Lợi, Phường Tân Sơn, Thành Phố Thanh Hóa</p></td></tr><tr><td></td><td></td><td></td><td></td><td></td></tr><tr><td></td><td></td><td></td><td></td><td></td></tr><tr><td></td><td></td><td></td><td></td><td></td></tr></table><p>HOÀN CẢNH GIA ĐÌNH</p><p>Họ và tên bố: Nguyễn Viết Mong        Tuổi 43         Nghề nghiệp: Lao động tự do</p><p>Trước cách mạng Tháng 8 làm gì? Ở đâu? </p><p>Chưa sinh ra</p><p>	</p><p>	 </p><p>Trong kháng chiến chống thực dân Pháp làm gì? Ở đâu? <br />Chưa sinh ra</p><p>	</p><p>	</p><p>Từ năm 1955 đến nay làm gì? Ở đâu? (Ghi rõ tên cơ quan, xí nghiệp hiện nay đang làm) </p><p>Làm ở công ty TNHH Việt Nhật ở Thanh Hóa</p><p>	</p><p>Họ và tên mẹ: Vũ Thị Chung       Tuổi: 42        Nghề nghiệp: Lao động tự do</p><p>Trước cách mạng Tháng 8 làm gì? Ở đâu? </p><p>Chưa sinh ra</p><p>	</p><p>	</p><p>Trong kháng chiến chống thực dân Pháp làm gì? Ở đâu? </p><p>Chưa sinh ra</p><p>	</p><p>	</p><p>Từ năm 1955 đến nay làm gì? Ở đâu? (Ghi rõ tên cơ quan, xí nghiệp hiện nay đang làm)<br />Làm ở công ty TNHH Việt Nhật ở Thanh Hóa</p><p>	</p><p>	</p><p>	</p><p><strong>HỌ VÀ TÊN ANH CHỊ EM RUỘT</strong></p><p><strong><em>(Ghi rõ tên, tuổi, chỗ ở, nghề nghiệp và trình độ chính trị của từng người)</em></strong></p><p>Họ và tên (em): Nguyễn Mai Khánh.	</p><p>Tuổi:  15	</p><p>Nơi cư trú: Phố Hưng Thuận, phường Quảng Phú, Thành phố Thanh Hóa</p><p>	</p><p>	</p><p>	</p><p>	</p><p>	</p><p>	</p><p>	</p><p>	</p><p>	</p><p>	</p><p>	</p><p>	</p><p>	</p><p>	</p><p>	</p><p>	</p><p>	</p><p>	</p><p>Họ và tên vợ hoặc chồng: Không có             Tuổi:Không	</p><p>Nghề nghiệp: Không	</p><p>Nơi làm việc: Không	</p><p>Chỗ ở hiện nay:	</p><p>Họ và tên các con:</p><p>1) ................................................. Tuổi: ............ Nghề nghiệp: 	</p><p>2) ................................................. Tuổi: ............ Nghề nghiệp: 	</p><p>3) ................................................. Tuổi: ............ Nghề nghiệp: 	</p><p>4) ................................................. Tuổi: ............ Nghề nghiệp: 	</p><p>5) ................................................. Tuổi: ............ Nghề nghiệp: 	</p><h3>KHEN THƯỞNG VÀ KỶ LUẬT</h3><p>Khen thưởng: 	</p><p>Kỷ luật: 	</p><h3>TỰ NHẬN XÉT BẢN THÂN</h3><p>Về chấp hành pháp luật, nội quy, quy chế của đơn vị và nơi ở: Rất tốt</p><p>	</p><p>Sức khỏe: Tốt	</p><p>Có đủ điều kiện dự thi không: Đủ	</p><h3>LỜI CAM ĐOAN</h3><ol><li>Tôi xin cam đoan những lời khai trên là đúng sự thật, nếu có điều gì sai trái, tôi xin tự thôi học và chịu trách nhiệm trước pháp luật.</li><li>Được dự tuyển tôi tự nguyện thực hiện đúng và đầy đủ nội quy, quy chế tuyển sinh và đào tạo của Bộ Giáo dục và Đào tạo và của Học viện.</li></ol><p><em>						                                    Thanh Hóa ngày 09tháng 12 năm 2025</em></p><p><em>   </em><strong> </strong><em>	                                     					    </em><strong>Người khai ký tên</strong></p><h3>XÁC NHẬN CỦA THỦ TRƯỞNG CƠ QUAN  ( HOẶC CHỦ TỊCH UBND PHƯỜNG, XÃ) QUẢN LÝ NGƯỜI DỰ TUYỂN</h3><p>Đơn vị xác nhận hồ sơ của anh, chị khai như trên là đúng với hồ sơ mà cơ quan (phường, xã) đang quản lý.</p><p><em>......,ngày……tháng……năm……</em></p><p><em>   </em><strong> </strong><em>	                                     			                </em><strong>Họ và tên, chữ ký, đóng dấu </strong></p>', '/uploads/classroom-tests/1773558774100-af5tftr6c2j-1.0_M_u_Phi_u_tuy_n_sinh_PTIT_2025.docx', NULL, 10, 1, 'cmmq82ca20000t4pno5i1wqhl', '2026-03-15 07:12:54.297', '2026-03-15 07:12:54.297');

--
-- Dumping data for table `classroomassignmentsubmission`
--

INSERT IGNORE INTO `Classroomassignmentsubmission` (`id`, `assignmentId`, `studentId`, `content`, `status`, `score`, `feedback`, `gradedAt`, `gradedBy`, `createdAt`, `updatedAt`) VALUES
('cmmsxz4di00017nmxznesdasp', 'cmmrf3ok90001akdvi216pf7e', 'cmm5yy9z30001hu5x7kb4o0mg', 'hhhh', 'graded', 10, 'Ok', '2026-03-16 09:59:16.297', 'cmm5yy9yw0000hu5x013xizhb', '2026-03-16 08:49:00.387', '2026-03-16 09:59:16.298');

--
-- Dumping data for table `classroomstudent`
--

INSERT IGNORE INTO `Classroomstudent` (`id`, `classroomId`, `studentId`, `joinedAt`) VALUES
('cmmrcte7c001g6utntkvqf1zd', 'cmmrcte7c001e6utn7nlx08pe', 'cmm5yy9z30001hu5x7kb4o0mg', '2026-03-15 06:08:55.080');

--
-- Dumping data for table `exercise`
--

INSERT IGNORE INTO `Exercise` (`id`, `lessonId`, `type`, `title`, `question`, `answer`, `difficulty`, `points`, `sortOrder`, `answerVisible`, `dueDate`, `createdAt`, `updatedAt`) VALUES
('cmmqlh3tx000b6utndw3r0he8', 'cmmql64qg00016utn3yrlag26', 'practice', 'Tạo List và Truy xuất cơ bản', '<p>Tạo một list t&ecirc;n l&agrave; <code>my_tools</code> chứa 5 ng&ocirc;n ngữ lập tr&igrave;nh hoặc c&ocirc;ng cụ bạn y&ecirc;u th&iacute;ch nhất. In ra phần tử thứ 3 v&agrave; phần tử cuối c&ugrave;ng của list đ&oacute;.</p>', 'my_tools = [\"Python\", \"JavaScript\", \"SQL\", \"Git\", \"Docker\"]\nprint(my_tools[2]) # Phần tử thứ 3 (index 2)\nprint(my_tools[-1]) # Phần tử cuối cùng', 'easy', 10, 0, 1, NULL, '2026-03-14 17:23:32.133', '2026-03-14 17:23:32.133'),
('cmmqlh3tx000c6utn5bsz7d62', 'cmmql64qg00016utn3yrlag26', 'practice', 'Slicing với List ngày', '<p>Cho một list <code>days = [\"Thứ 2\", \"Thứ 3\", \"Thứ 4\", \"Thứ 5\", \"Thứ 6\", \"Thứ 7\", \"Chủ nhật\"]</code>. H&atilde;y d&ugrave;ng kỹ thuật Slicing để in ra:</p><ol><li>Chỉ c&aacute;c ng&agrave;y cuối tuần.</li><li>Chỉ c&aacute;c ng&agrave;y trong tuần (từ Thứ 2 đến Thứ 6).</li></ol>', 'days = [\"Thứ 2\", \"Thứ 3\", \"Thứ 4\", \"Thứ 5\", \"Thứ 6\", \"Thứ 7\", \"Chủ nhật\"]\n# Các ngày cuối tuần\nprint(days[5:])\n# Các ngày trong tuần\nprint(days[:5])', 'intermediate', 15, 1, 1, NULL, '2026-03-14 17:23:32.133', '2026-03-14 17:23:32.133'),
('cmmqlh3tx000d6utnkr2p1521', 'cmmql64qg00016utn3yrlag26', 'practice', 'Truy xuất phần tử trong List lồng nhau', '<p>Bạn có; list <code>A = [1, 2, [3, 4], 5]</code>. L&agrave;m thế n&agrave;o để d&ugrave;ng Index in ra được số <code>4</code>?</p>', 'A = [1, 2, [3, 4], 5]\nprint(A[2][1])', 'intermediate', 20, 2, 1, NULL, '2026-03-14 17:23:32.133', '2026-03-14 17:23:32.133'),
('cmmr9hki4000z6utnf4tn3dkt', 'cmmr9hki4000v6utnqxt2tvcr', 'practice', 'Quản lý Người Dùng trong Nhóm Dự Án', '<p>H&atilde;y vận dụng kiến thức vừa học để giải quyết b&agrave;i to&aacute;n quản l&yacute; người d&ugrave;ng sau đ&acirc;y:</p><p><strong>Đề b&agrave;i:</strong> Bạn đang quản l&yacute; danh s&aacute;ch t&agrave;i khoản của một nh&oacute;m dự &aacute;n: <code>team = [\"admin\", \"editor\", \"guest\"]</code></p><ol><li><p>Người d&ugrave;ng <code>\"guest\"</code> vừa được thăng cấp, h&atilde;y cập nhật gi&aacute; trị <code>\"guest\"</code> th&agrave;nh <code>\"moderator\"</code>.</p></li><li><p>Một th&agrave;nh vi&ecirc;n mới t&ecirc;n <code>\"developer\"</code> vừa gia nhập, h&atilde;y th&ecirc;m người n&agrave;y v&agrave;o <strong>cuối</strong> danh s&aacute;ch.</p></li><li><p>Vị tr&iacute; <code>\"editor\"</code> kh&ocirc;ng c&ograve;n cần thiết nữa, h&atilde;y x&oacute;a n&oacute; khỏi danh s&aacute;ch.</p></li><li><p>In danh s&aacute;ch cuối c&ugrave;ng ra m&agrave;n h&igrave;nh.</p></li></ol>', 'team = [\"admin\", \"editor\", \"guest\"]\n\n# 1. Cập nhật \"guest\" thành \"moderator\"\ntry:\n    guest_index = team.index(\"guest\")\n    team[guest_index] = \"moderator\"\nexcept ValueError:\n    print(\"Không tìm thấy \'guest\' trong danh sách.\")\n\n# 2. Thêm \"developer\" vào cuối danh sách\nteam.append(\"developer\")\n\n# 3. Xóa \"editor\" khỏi danh sách\ntry:\n    team.remove(\"editor\")\nexcept ValueError:\n    print(\"Không tìm thấy \'editor\' trong danh sách.\")\n\n# 4. In danh sách cuối cùng\nprint(team)\n# Expected Output: [\'admin\', \'moderator\', \'developer\']', 'easy', 10, 0, 1, NULL, '2026-03-15 04:35:44.524', '2026-03-15 04:35:44.524'),
('cmmralrcl00156utnz4k2vke7', 'cmmralrck00116utn4i77xgvh', 'practice', 'Thử thách Tuple Immutable', '<p>Khởi tạo một Tuple chứa c&aacute;c đu&ocirc;i file h&igrave;nh ảnh hợp lệ: <div class=\"code-block\">(\"jpg\", \"png\", \"gif\")</div>. Thử d&ugrave;ng code để đổi <div class=\"code-block\">\"gif\"</div> th&agrave;nh <div class=\"code-block\">\"svg\"</div> xem Python sẽ mắng bạn như thế n&agrave;o nh&eacute;!</p>', 'image_extensions = (\"jpg\", \"png\", \"gif\")\nprint(\"Tuple ban đầu:\", image_extensions)\n# Thử thay đổi phần tử thứ 2 (chữ \'gif\') thành \'svg\'\n# image_extensions[2] = \"svg\" # Dòng này sẽ gây lỗi TypeError\n# print(\"Sau khi cố gắng thay đổi:\", image_extensions)\nprint(\"Khi chạy dòng \'image_extensions[2] = \\\"svg\\\"\', Python sẽ báo lỗi TypeError vì Tuple là immutable.\")', 'easy', 10, 0, 1, NULL, '2026-03-15 05:06:59.636', '2026-03-15 05:06:59.636'),
('cmmralrcl00166utnwjk5g5ay', 'cmmralrck00116utn4i77xgvh', 'practice', 'Xử lý phản hồi API giả định', '<p>Tạo một Dictionary t&ecirc;n l&agrave; <div class=\"code-block\">my_api_response</div> m&ocirc; phỏng một phản hồi từ server, gồm c&aacute;c key:</p><ol><li><div class=\"code-block\">status_code</div> (gi&aacute; trị l&agrave; 200)</li><li><div class=\"code-block\">message</div> (gi&aacute; trị l&agrave; \"Kết nối th&agrave;nh c&ocirc;ng\")</li><li><div class=\"code-block\">data</div> (gi&aacute; trị l&agrave; một List chứa 2 t&ecirc;n người d&ugrave;ng bất kỳ).</li></ol><p>Sau đ&oacute;, h&atilde;y viết lệnh để chỉ in ra t&ecirc;n của người d&ugrave;ng thứ nhất nằm trong key <div class=\"code-block\">data</div>.</p>', 'my_api_response = {\n    \"status_code\": 200,\n    \"message\": \"Kết nối thành công\",\n    \"data\": [\"Alice\", \"Bob\"]\n}\n# In ra tên người dùng thứ nhất\nfirst_user = my_api_response[\"data\"][0]\nprint(\"Người dùng thứ nhất:\", first_user)\n# Expected output: Người dùng thứ nhất: Alice', 'easy', 15, 1, 1, NULL, '2026-03-15 05:06:59.636', '2026-03-15 05:06:59.636'),
('cmmrc071h001b6utns0y04ehq', 'cmmrc071h00186utnqblnr73q', 'practice', 'Lọc email duy nhất', '<p>Bạn đang cào (crawl) dữ liệu email từ một trang web và thu được một List chứa rất nhiều email trùng nhau:</p><div class=\"code-block\">emails = [\"a@gmail.com\", \"b@gmail.com\", \"a@gmail.com\", \"c@gmail.com\"]</div><p>Hãy dùng 1 dòng code để biến nó thành một danh sách (List) chỉ chứa các email duy nhất.</p>', 'list(set(emails))', 'easy', 10, 0, 1, NULL, '2026-03-15 05:46:12.773', '2026-03-15 05:46:12.773'),
('cmmrc071h001c6utnrhe5o0jz', 'cmmrc071h00186utnqblnr73q', 'practice', 'Tìm kỹ năng chung giữa ứng viên và dự án', '<p>Bạn có danh sách kỹ năng yêu cầu của dự án: <div class=\"code-block\">req_skills = {\"Python\", \"Git\", \"SQL\", \"Linux\"}</div> Và kỹ năng của ứng viên: <div class=\"code-block\">candidate_skills = {\"Python\", \"HTML\", \"CSS\", \"Git\"}</div></p><p>Hãy dùng phép toán của Set để in ra những kỹ năng mà ứng viên <strong>đã đáp ứng được</strong> cho dự án.</p>', 'req_skills & candidate_skills', 'medium', 15, 1, 1, NULL, '2026-03-15 05:46:12.773', '2026-03-15 05:46:12.773');

--
-- Dumping data for table `lesson`
--

INSERT IGNORE INTO `Lesson` (`id`, `chapterId`, `title`, `slug`, `content`, `duration`, `difficulty`, `sortOrder`, `isLocked`, `isPublished`, `objectiveKnowledge`, `objectiveSkills`, `objectiveAttitude`, `createdAt`, `updatedAt`) VALUES
('cmmql64qg00016utn3yrlag26', 'chapter-1', 'List trong Python: Khái niệm, Tạo và Truy xuất', NULL, NULL, 75, 'beginner', 2, 0, 1, 'Hiểu được khái niệm, đặc điểm của List trong Python và các cách tạo List khác nhau.', 'Thực hiện truy xuất phần tử đơn lẻ (indexing) và lấy một nhóm phần tử (slicing) từ List.', 'Nhận thức được tầm quan trọng của List như một cấu trúc dữ liệu cơ bản trong lập trình thực tế và các lĩnh vực nâng cao như AI.', '2026-03-14 17:15:00.086', '2026-03-14 17:23:32.133'),
('cmmr9hki4000v6utnqxt2tvcr', 'chapter-1', 'List trong Python: Thêm, Xóa và Cập Nhật Phần Tử', NULL, NULL, 75, 'beginner', 3, 0, 1, 'Hiểu được tính chất mutable (có thể thay đổi) của List trong Python và nắm vững các phương thức cơ bản để thêm, xóa, cập nhật phần tử.', 'Thực hiện thành thạo các thao tác thêm (append, insert, extend), xóa (remove, pop, del, clear) và cập nhật phần tử trong List bằng code Python.', 'Nắm được tầm quan trọng của hiệu suất khi thao tác với List lớn và biết cách áp dụng các phương pháp tối ưu trong thực tế.', '2026-03-15 04:35:44.524', '2026-03-15 04:35:44.524'),
('cmmralrck00116utn4i77xgvh', 'chapter-1', 'Tuple và Dictionary: Cấu trúc dữ liệu có tổ chức và an toàn', NULL, NULL, 75, 'intermediate', 4, 0, 1, 'Nắm vững khái niệm, cú pháp và đặc điểm của Tuple và Dictionary, hiểu sự khác biệt giữa chúng với List.', 'Thực hiện tạo, truy xuất, thêm, sửa, xóa dữ liệu trong Tuple và Dictionary, và biết khi nào nên sử dụng từng loại cấu trúc.', 'Phát triển tư duy lựa chọn cấu trúc dữ liệu phù hợp để viết code an toàn, hiệu quả và có tổ chức hơn.', '2026-03-15 05:06:59.636', '2026-03-15 05:06:59.636'),
('cmmrc071h00186utnqblnr73q', 'chapter-1', 'Set trong Python và Ôn tập Cấu trúc Dữ liệu', NULL, NULL, 75, 'intermediate', 5, 0, 1, 'Hiểu rõ khái niệm, 3 đặc điểm cốt lõi (không thứ tự, duy nhất, có thể thay đổi) và cú pháp của Set. Nắm vững cách Set khác biệt và bổ trợ cho List, Tuple, Dictionary. Biết các phép toán tập hợp cơ bản.', 'Thực hiện thành thạo việc tạo, thêm, xóa phần tử trong Set. Áp dụng các phép toán giao, hợp, hiệu để so sánh dữ liệu giữa các Set. Lựa chọn cấu trúc dữ liệu tối ưu (List, Tuple, Dictionary, Set) cho các bài toán thực tế như lọc trùng lặp và tìm kiếm nhanh.', 'Phát triển tư duy phân tích để lựa chọn cấu trúc dữ liệu phù hợp, giúp giải quyết các vấn đề liên quan đến dữ liệu duy nhất và hiệu suất tìm kiếm một cách hiệu quả.', '2026-03-15 05:46:12.773', '2026-03-15 05:46:12.773');

--
-- Dumping data for table `notification`
--

INSERT IGNORE INTO `Notification` (`id`, `userId`, `type`, `title`, `message`, `link`, `isRead`, `createdAt`) VALUES
('cmmt0h33g00037nmxu5wyf3p2', 'cmm5yy9z30001hu5x7kb4o0mg', 'classroom_submission_graded', 'Bài làm đã được chấm', 'Bài \"Bài ki?m tra - Tuple và Dictionary: Cấu trúc dữ liệu có tổ chức và an toàn\" đã được chấm 10/10 điểm và có nhận xét từ giáo viên.', '/classrooms/cmmrcte7c001e6utn7nlx08pe/assignments/cmmrf3ok90001akdvi216pf7e', 1, '2026-03-16 09:58:57.770'),
('cmmt0h4up00057nmxihb16o16', 'cmm5yy9z30001hu5x7kb4o0mg', 'classroom_submission_graded', 'Bài làm đã được chấm', 'Bài \"Bài ki?m tra - Tuple và Dictionary: Cấu trúc dữ liệu có tổ chức và an toàn\" đã được chấm 10/10 điểm và có nhận xét từ giáo viên.', '/classrooms/cmmrcte7c001e6utn7nlx08pe/assignments/cmmrf3ok90001akdvi216pf7e', 1, '2026-03-16 09:59:00.049'),
('cmmt0hhe600077nmxh475v4ye', 'cmm5yy9z30001hu5x7kb4o0mg', 'classroom_submission_graded', 'Bài làm đã được chấm', 'Bài \"Bài ki?m tra - Tuple và Dictionary: Cấu trúc dữ liệu có tổ chức và an toàn\" đã được chấm 10/10 điểm và có nhận xét từ giáo viên.', '/classrooms/cmmrcte7c001e6utn7nlx08pe/assignments/cmmrf3ok90001akdvi216pf7e', 1, '2026-03-16 09:59:16.303');

--
-- Dumping data for table `section`
--

INSERT IGNORE INTO `Section` (`id`, `lessonId`, `title`, `content`, `sortOrder`, `createdAt`, `updatedAt`) VALUES
('cmmqlh3tx00086utnu319yeoj', 'cmmql64qg00016utn3yrlag26', 'Khái niệm List trong Python', '<h2>1. Kh&aacute;i niệm: List l&agrave; g&igrave;?</h2><p>Trong thế giới thực, bạn c&oacute; danh s&aacute;ch lớp, danh s&aacute;ch việc cần l&agrave;m, hay danh s&aacute;ch m&oacute;n ăn. Trong Python, <strong>List</strong> (danh s&aacute;ch) cũng tương tự. N&oacute; l&agrave; một cấu tr&uacute;c dữ liệu d&ugrave;ng để lưu trữ một bộ (collection) gồm nhiều gi&aacute; trị kh&aacute;c nhau, được sắp xếp theo một thứ tự nhất định.</p><p><strong>Đặc điểm cốt l&otilde;i của List trong Python:</strong></p><ul><li><p><strong>C&oacute; thứ tự (Ordered):</strong> Mỗi phần tử c&oacute; một vị tr&iacute; cố định.</p></li><li><p><strong>C&oacute; thể thay đổi (Mutable):</strong> Bạn c&oacute; thể sửa, th&ecirc;m, x&oacute;a phần tử sau khi đ&atilde; tạo (ch&uacute;ng ta sẽ học ở B&agrave;i 2).</p></li><li><p><strong>Chứa được mọi thứ (Heterogeneous):</strong> Một list c&ó; thể chứa số, chuỗi, boolean, thậm ch&iacute; chứa cả một list kh&aacute;c b&ecirc;n trong n&oacute;.</p></li></ul><blockquote><p><strong>💡 Tưởng tượng:</strong> H&atilde;y coi List như một đo&agrave;n t&agrave;u hỏa. Mỗi toa t&agrave;u (phần tử) c&ó; một số thứ tự, v&agrave; trong mỗi toa c&oacute; thể chở bất cứ thứ g&igrave; (h&agrave;nh kh&aacute;ch, than, h&agrave;ng h&oacute;a...).</p></blockquote>', 0, '2026-03-14 17:23:32.133', '2026-03-14 17:23:32.133'),
('cmmqlh3tx00096utn2h8ed9e4', 'cmmql64qg00016utn3yrlag26', 'Cách Tạo List', '<h2>2. C&aacute;ch Tạo List</h2><p>Để tạo một list, bạn chỉ cần đặt c&aacute;c phần tử v&agrave;o trong cặp ngoặc vu&ocirc;ng <code>[]</code>, c&aacute;ch nhau bởi dấu phẩy <code>,</code>.</p><div class=\"code-block\">\n# 1. Tạo một List rỗng (chưa c&oacute; g&igrave; cả)\nempty_list = []\n# Hoặc d&ugrave;ng h&agrave;m list()\nempty_list_2 = list()\n\n# 2. List chứa c&aacute;c con số (rất hay d&ugrave;ng khi xử l&yacute; dữ liệu)\nscores = [8.5, 9.0, 7.5, 10.0]\n\n# 3. List chứa chuỗi (String)\nframeworks = [\"Laravel\", \"Django\", \"Flask\"]\n\n# 4. List hỗn hợp (Chứa nhiều kiểu dữ liệu kh&aacute;c nhau)\nstudent_info = [\"Nguyễn Văn A\", 20, True, 8.5]\n\n# 5. List lồng List (Nested List - Ma trận)\nmatrix = [\n    [1, 2, 3],\n    [4, 5, 6],\n    [7, 8, 9]\n]\n</div>', 1, '2026-03-14 17:23:32.133', '2026-03-14 17:23:32.133'),
('cmmqlh3tx000a6utnbbq2c6q6', 'cmmql64qg00016utn3yrlag26', 'Truy Xuất Phần Tử và Ứng Dụng', '<h2>3. Truy Xuất Phần Tử (Lấy dữ liệu ra khỏi List)</h2><p>Đ&acirc;y l&agrave; kỹ năng bạn sẽ d&ugrave;ng h&agrave;ng ng&agrave;y. Python sử dụng <strong>Index (Chỉ số)</strong> để x&aacute;c định vị tr&iacute; phần tử. <strong>QUAN TRỌNG:</strong> Trong lập tr&igrave;nh, chỉ số lu&ocirc;n bắt đầu từ số <strong>0</strong>, kh&ocirc;ng phải 1.</p><h2>a. Indexing (Truy xuất đơn lẻ)</h2><ul><li><p><strong>Chỉ số dương (Từ tr&aacute;i sang phải):</strong> Bắt đầu từ <code>0, 1, 2...</code></p></li><li><p><strong>Chỉ số &acirc;m (Từ phải sang tr&aacute;i):</strong> Bắt đầu từ <code>-1, -2, -3...</code> (rất tiện khi muốn lấy phần tử cuối c&ugrave;ng m&agrave; kh&ocirc;ng cần biết list d&agrave;i bao nhi&ecirc;u).</p></li></ul><div class=\"code-block\">\ntech_stack = [\"HTML\", \"CSS\", \"JavaScript\", \"PHP\", \"Python\"]\n\nprint(tech_stack[0])   # Output: HTML (Phần tử đầu ti&ecirc;n)\nprint(tech_stack[2])   # Output: JavaScript (Phần tử thứ 3)\n\nprint(tech_stack[-1])  # Output: Python (Phần tử cuối c&ugrave;ng)\nprint(tech_stack[-2])  # Output: PHP (Phần tử &aacute;p ch&oacute;t)\n</div><h2>b. Slicing (Cắt L&aacute;t - Lấy một nh&oacute;m phần tử)</h2><p>C&uacute; ph&aacute;p: <code>t&ecirc;n_list[start : stop : step]</code></p><ul><li><p><code>start</code>: Vị tr&iacute; bắt đầu (Bao gồm vị tr&iacute; n&agrave;y).</p></li><li><p><code>stop</code>: Vị tr&iacute; kết th&uacute;c (<strong>KH&Ocirc;NG</strong> bao gồm vị tr&iacute; n&agrave;y).</p></li><li><p><code>step</code>: Bước nhảy (Mặc định l&agrave; 1).</p></li></ul><div class=\"code-block\">\nnumbers = [10, 20, 30, 40, 50, 60, 70]\n\n# Lấy từ index 1 đến index 3 (kh&ocirc;ng lấy index 4)\nprint(numbers[1:4])    # Output: [20, 30, 40]\n\n# Lấy từ đầu đến index 2\nprint(numbers[:3])     # Output: [10, 20, 30]\n\n# Lấy từ index 3 đến cuối\nprint(numbers[3:])     # Output: [40, 50, 60, 70]\n\n# Bước nhảy: Lấy c&aacute;c phần tử c&aacute;ch nhau 2 vị tr&iacute;\nprint(numbers[0:6:2])  # Output: [10, 30, 50]\n\n# Mẹo: Đảo ngược list bằng slicing\nprint(numbers[::-1])   # Output: [70, 60, 50, 40, 30, 20, 10]\n</div><h2>4. Kiến Thức Thực Tế (G&oacute;c nh&igrave;n chuy&ecirc;n gia)</h2><p>Tại sao List lại quan trọng đến vậy?</p><ul><li><p><strong>Trong Web Development:</strong> Khi bạn truy vấn dữ liệu từ Database (v&iacute; dụ như lấy danh s&aacute;ch b&agrave;i viết để l&agrave;m bảng tin - Newsfeed), kết quả trả về thường được xử l&yacute; dưới dạng List chứa c&aacute;c đối tượng (Object/Dictionary) trước khi render ra HTML.</p></li><li><p><strong>Trong Tr&iacute; Tuệ Nh&acirc;n Tạo (AI):</strong> List l&agrave; tiền đề để hiểu về Vector v&agrave; Ma trận. C&aacute;c thư viện xử l&yacute; dữ liệu khổng lồ như NumPy (thường d&ugrave;ng trong Machine Learning) đều x&acirc;y dựng mảng (Array) dựa tr&ecirc;n tư duy cấu tr&uacute;c của List trong Python nhưng được tối ưu h&oacute;a về tốc độ. Hiểu r&otilde; Indexing v&agrave; Slicing b&acirc;y giờ, sau n&agrave;y bạn thao t&aacute;c với dữ liệu AI sẽ nh&agrave;n hơn rất nhiều.</p></li></ul><h2>5. Tổng Kết</h2><ul><li><p>List d&ugrave;ng để lưu trữ nhiều gi&aacute; trị, đặt trong <code>[]</code>.</p></li><li><p>Index (chỉ số) lu&ocirc;n bắt đầu từ <strong>0</strong>.</p></li><li><p>Index &acirc;m gi&uacute;p truy xuất từ cuối list ngược l&ecirc;n (<code>-1</code> l&agrave; phần tử cuối).</p></li><li><p>C&uacute; ph&aacute;p Slicing <code>[start:stop:step]</code> gi&uacute;p \"cắt\" một mảng dữ liệu con một c&aacute;ch nhanh ch&oacute;ng.</p></li></ul><hr>', 2, '2026-03-14 17:23:32.133', '2026-03-14 17:23:32.133'),
('cmmr9hki4000w6utn6qezsn6p', 'cmmr9hki4000v6utnqxt2tvcr', 'Cập Nhật (Sửa) Phần Tử', '<p>Để thay đổi gi&aacute; trị của một phần tử đ&atilde; c&oacute; sẵn trong List, bạn chỉ cần gọi đ&uacute;ng Index (chỉ số) của n&oacute; v&agrave; g&aacute;n cho n&oacute; một gi&aacute; trị mới bằng dấu <code>=</code>.</p><div class=\"code-block\"><pre><code># Giả sử đ&acirc;y l&agrave; danh s&aacute;ch điểm số của một sinh vi&ecirc;n\nscores = [7.0, 8.5, 6.0, 9.0]\n\n# Sinh vi&ecirc;n ph&uacute;c khảo v&agrave; được tăng điểm b&agrave;i thi thứ 3 (index 2)\nscores[2] = 7.5  \n\nprint(scores) \n# Output: [7.0, 8.5, 7.5, 9.0]</code></pre></div><p><em>Lưu &yacute:</em> Bạn cũng c&oacute; thể d&ugrave;ng Slicing để cập nhật nhiều phần tử c&ugrave;ng l&uacute;c, nhưng h&atilde;y chắc chắn độ d&agrave;i của dữ liệu mới tương th&iacute;ch với khoảng bạn muốn cắt.</p>', 0, '2026-03-15 04:35:44.524', '2026-03-15 04:35:44.524'),
('cmmr9hki4000x6utnua1pkkfr', 'cmmr9hki4000v6utnqxt2tvcr', 'Thêm Phần Tử Mới', '<p>C&oacute; 3 phương thức phổ biến nhất để \"nhồi\" th&ecirc;m dữ liệu v&agrave;o List. T&ugrave;y v&agrave;o mục đ&iacute;ch m&agrave; ch&uacute;ng ta chọn c&ocirc;ng cụ ph&ugrave; hợp.</p><h3><code>append(gi&aacute; trị)</code>: Th&ecirc;m v&agrave;o cuối List</h3><p>Đ&acirc;y l&agrave; phương thức được d&ugrave;ng nhiều nhất. N&oacute; nh&eacute;t th&ecirc;m 1 phần tử duy nhất v&agrave;o vị tr&iacute; cuối c&ugrave;ng của danh s&aacute;ch.</p><div class=\"code-block\"><pre><code># Danh s&aacute;ch c&aacute;c b&agrave;i tập sinh vi&ecirc;n đ&atilde; nộp\nsubmitted_assignments = [\"B&agrave;i 1\", \"B&agrave;i 2\"]\n\n# Sinh vi&ecirc;n vừa nộp th&ecirc;m b&agrave;i 3\nsubmitted_assignments.append(\"B&agrave;i 3\")\n\nprint(submitted_assignments) \n# Output: [\'B&agrave;i 1\', \'B&agrave;i 2\', \'B&agrave;i 3\']</code></pre></div><h3><code>insert(index, gi&aacute; trị)</code>: Ch&egrave;n v&agrave;o vị tr&iacute; bất kỳ</h3><p>Nếu bạn muốn phần tử mới nằm ở một vị tr&iacute; cụ thể (v&iacute; dụ: ghim một b&agrave;i viết l&ecirc;n đầu bảng tin), h&atilde;y d&ugrave;ng <code>insert</code>. C&aacute;c phần tử ph&iacute;a sau sẽ tự động l&ugrave;i lại một bước.</p><div class=\"code-block\"><pre><code>newsfeed = [\"Post 2\", \"Post 3\"]\n\n# Ghim \"Post 1\" l&ecirc;n đầu ti&ecirc;n (index 0)\nnewsfeed.insert(0, \"Post 1\")\n\nprint(newsfeed) \n# Output: [\'Post 1\', \'Post 2\', \'Post 3\']</code></pre></div><h3><code>extend(list_kh&aacute;c)</code>: Gh&eacute;p nối List</h3><p>Khi bạn c&oacute; một danh s&aacute;ch mới v&agrave; muốn gộp to&agrave;n bộ phần tử của n&oacute; v&agrave;o danh s&aacute;ch cũ (giống như t&iacute;nh năng \"Tải th&ecirc;m b&agrave;i viết cũ\" tr&ecirc;n web).</p><div class=\"code-block\"><pre><code>current_users = [\"Alice\", \"Bob\"]\nnew_users = [\"Charlie\", \"David\"]\n\ncurrent_users.extend(new_users)\n\nprint(current_users) \n# Output: [\'Alice\', \'Bob\', \'Charlie\', \'David\']</code></pre></div>', 1, '2026-03-15 04:35:44.524', '2026-03-15 04:35:44.524'),
('cmmr9hki4000y6utnju66ps7v', 'cmmr9hki4000v6utnqxt2tvcr', 'Xóa Phần Tử & Lời Khuyên Chuyên Gia', '<p>Tương tự như th&ecirc;m, Python cung cấp nhiều \"vũ kh&iacute;\" để dọn dẹp dữ liệu thừa.</p><h3><code>remove(gi&aacute; trị)</code>: X&oacute;a theo T&ecirc;n/Gi&aacute; trị</h3><p>X&oacute;a phần tử đầu ti&ecirc;n trong List c&oacute; gi&aacute; trị khớp với tham số truyền v&agrave;o. Nếu gi&aacute; trị kh&ocirc;ng tồn tại, chương tr&igrave;nh sẽ b&aacute;o lỗi.</p><div class=\"code-block\"><pre><code>tech_stack = [\"HTML\", \"CSS\", \"jQuery\", \"JavaScript\", \"PHP\"]\n\n# C&ocirc;ng nghệ cũ, cần loại bỏ khỏi dự &aacute;n\ntech_stack.remove(\"jQuery\")\n\nprint(tech_stack) \n# Output: [\'HTML\', \'CSS\', \'JavaScript\', \'PHP\']</code></pre></div><h3><code>pop(index)</code>: X&oacute;a theo Vị tr&iacute; v&agrave; Lấy ra sử dụng</h3><p><code>pop()</code> cực kỳ th&uacute; vị v&igrave; n&oacute; vừa x&oacute;a phần tử khỏi List, lại vừa \"trả về\" phần tử đ&oacute; để bạn c&oacute; thể lưu v&agrave;o một biến kh&aacute;c. Nếu kh&ocirc;ng truyền <code>index</code>, n&oacute; mặc định x&oacute;a phần tử <strong>cuối c&ugrave;ng</strong>.</p><div class=\"code-block\"><pre><code>tasks = [\"Viết code\", \"Sửa lỗi 503\", \"Deploy VPS\"]\n\n# X&oacute;a task cuối c&ugrave;ng (đ&atilde; l&agrave;m xong)\ncompleted_task = tasks.pop()\n\nprint(\"Task vừa ho&agrave;n th&agrave;nh:\", completed_task) # Output: Deploy VPS\nprint(\"Task c&ograve;n lại:\", tasks)                 # Output: [\'Viết code\', \'Sửa lỗi 503\']</code></pre></div><h3><code>del</code> v&agrave; <code>clear()</code></h3><ul><li><p><code>del list_name[index]</code>: Từ kh&oacute;a x&oacute;a phần tử tại một vị tr&iacute; hoặc một khoảng (slicing) khỏi bộ nhớ.</p></li><li><p><code>list_name.clear()</code>: X&oacute;a sạch s&agrave;nh sanh mọi thứ trong List, trả về List rỗng <code>[]</code>.</p></li></ul><h2>Kiến Thức Thực Tế (G&oacute;c nh&igrave;n chuy&ecirc;n gia)</h2><p>Khi bạn bắt tay v&agrave;o l&agrave;m c&aacute;c ứng dụng web thực tế (như l&agrave;m một nền tảng nộp b&agrave;i tập, một trang viết nhật k&yacute; c&aacute; nh&acirc;n hay xử l&yacute; backend API), hiệu suất (Performance) l&agrave; thứ phải đặt l&ecirc;n h&agrave;ng đầu.</p><p>Trong khoa học m&aacute;y t&iacute;nh, c&oacute; một kh&aacute;i niệm gọi l&agrave; Độ phức tạp thuật to&aacute;n (Big O Notation).</p><ul><li><p>Khi bạn d&ugrave;ng <code>append()</code> để th&ecirc;m dữ liệu v&agrave;o cuối List, Python thực hiện rất nhanh, độ phức tạp l&agrave; <span class=\"base\"><span class=\"mord mathnormal\">O</span><span class=\"mopen\">(</span><span class=\"mord\">1</span><span class=\"mclose\">)</span></span>.</p></li><li><p>Nhưng nếu bạn d&ugrave;ng <code>insert(0, gi&aacute; trị)</code> để ch&egrave;n v&agrave;o đầu List, Python phải dịch chuyển to&agrave;n bộ h&agrave;ng ng&agrave;n phần tử ph&iacute;a sau l&ugrave;i lại một &ocirc;. Độ phức tạp l&uacute;c n&agrave;y l&agrave; <span class=\"base\"><span class=\"mord mathnormal\">O</span><span class=\"mopen\">(</span><span class=\"mord mathnormal\">n</span><span class=\"mclose\">)</span></span> (n l&agrave; số phần tử). Nếu List của bạn chứa h&agrave;ng triệu bản ghi nhật k&yacute;, thao t&aacute;c n&agrave;y sẽ l&agrave;m server của bạn bị chậm đi đ&aacute;ng kể.</p></li></ul><p><strong>Lời khuy&ecirc;n:</strong> H&atilde;y ưu ti&ecirc;n d&ugrave;ng <code>append()</code> v&agrave; <code>pop()</code> (kh&ocirc;ng truyền tham số) để hệ thống chạy mượt m&agrave; nhất c&oacute; thể nh&eacute;.</p><h2>Tổng Kết</h2><ul><li><p><strong>Sửa:</strong> <code>list[index] = gi&aacute;_trị_mới</code></p></li><li><p><strong>Th&ecirc;m:</strong> <code>append()</code> (cuối), <code>insert()</code> (vị tr&iacute; bất kỳ), <code>extend()</code> (gộp list).</p></li><li><p><strong>X&oacute;a:</strong> <code>remove()</code> (theo gi&aacute; trị), <code>pop()</code> (theo vị tr&iacute; &amp; lấy ra), <code>del</code> (x&oacute;a theo index/slicing), <code>clear()</code> (x&oacute;a sạch).</p></li></ul>', 2, '2026-03-15 04:35:44.524', '2026-03-15 04:35:44.524'),
('cmmralrcl00126utnl9psaw38', 'cmmralrck00116utn4i77xgvh', 'Giới thiệu chung và Tuple', '<p>Ở hai b&agrave;i trước, ch&uacute;ng ta đ&atilde; \"c&agrave;y n&aacute;t\" List rồi. List rất mạnh mẽ v&agrave; linh hoạt, nhưng trong thế giới lập tr&igrave;nh, kh&ocirc;ng phải l&uacute;c n&agrave;o linh hoạt cũng tốt. C&oacute; những dữ liệu ch&uacute;ng ta cần \"đ&oacute;ng băng\" lại để bảo vệ, hoặc cần g&aacute;n nh&atilde;n r&otilde; r&agrave;ng để dễ t&igrave;m kiếm thay v&igrave; phải nhớ từng con số index kh&ocirc; khan.</p><p>H&ocirc;m nay, với tư c&aacute;ch l&agrave; một người từng dọn dẹp kh&ocirc;ng &iacute;t những đoạn code lộn xộn, m&igrave;nh sẽ giới thiệu cho bạn hai cấu tr&uacute;c dữ liệu cực kỳ quan trọng gi&uacute;p code của bạn an to&agrave;n v&agrave; c&oacute; tổ chức hơn: <strong>Tuple</strong> v&agrave; <strong>Dictionary</strong>.</p><h2>1. Tuple - Phi&ecirc;n bản \"Chỉ đọc\" của List</h2><p><strong>Kh&aacute;i niệm:</strong> Tuple giống hệt List về mặt lưu trữ (c&oacute; thứ tự, chứa được nhiều kiểu dữ liệu), nhưng c&ó; một điểm kh&aacute;c biệt mang t&iacute;nh sống c&ograve;n: <strong>Immutable (Kh&ocirc;ng thể thay đổi)</strong>. Một khi bạn đ&atilde; tạo ra một Tuple, bạn KH&Ocirc;NG THỂ th&ecirc;m, x&oacute;a, hay sửa bất kỳ phần tử n&agrave;o b&ecirc;n trong n&oacute;.</p><p><strong>C&uacute; ph&aacute;p:</strong> D&ugrave;ng ngoặc tr&ograve;n <code>()</code> thay v&igrave; ngoặc vu&ocirc;ng <code>[]</code>.</p><div class=\"code-block\"><pre><code><span class=\"hljs-comment\"># Tạo một Tuple lưu trữ cấu h&igrave;nh cố định</span>\ndb_config = (<span class=\"hljs-string\">\"localhost\"</span>, <span class=\"hljs-string\">\"root\"</span>, <span class=\"hljs-string\">\"password123\"</span>, <span class=\"hljs-number\">3306</span>)\n\n<span class=\"hljs-comment\"># Truy xuất giống hệt List (d&ugrave;ng Index)</span>\nprint(<span class=\"hljs-string\">\"Port kết nối:\"</span>, db_config[<span class=\"hljs-number\">3</span>])  <span class=\"hljs-comment\"># Output: 3306</span>\n\n<span class=\"hljs-comment\"># CỐ T&Igrave;NH SỬA SẼ BỊ LỖI (TypeError)</span>\n<span class=\"hljs-comment\"># db_config[1] = \"admin\"  &lt;-- D&ograve;ng n&agrave;y sẽ l&agrave;m sập chương tr&igrave;nh</span>\n</code></pre></div><p><strong>Tại sao phải d&ugrave;ng Tuple?</strong></p><ul><li><p><strong>Bảo vệ dữ liệu:</strong> Giả sử bạn viết một tool tự động h&oacute;a click chuột, tọa độ X v&agrave; Y tr&ecirc;n m&agrave;n h&igrave;nh l&agrave; cố định. Việc lưu ch&uacute;ng v&agrave;o Tuple <code>(x, y)</code> đảm bảo trong qu&aacute; tr&igrave;nh code chạy, kh&ocirc;ng c&oacute; thao t&aacute;c nhầm lẫn n&agrave;o l&agrave;m sai lệch tọa độ n&agrave;y.</p></li><li><p><strong>Tối ưu hiệu suất:</strong> Tuple tốn &iacute;t bộ nhớ v&agrave; được Python duyệt nhanh hơn List.</p></li></ul>', 0, '2026-03-15 05:06:59.636', '2026-03-15 05:06:59.636'),
('cmmralrcl00136utnp1utjzk0', 'cmmralrck00116utn4i77xgvh', 'Dictionary - Cấu trúc Key-Value', '<h2>2. Dictionary - Từ điển Dữ liệu (Key-Value)</h2><p><strong>Kh&aacute;i niệm:</strong> Nếu List v&agrave; Tuple d&ugrave;ng <strong>Index</strong> (0, 1, 2...) để t&igrave;m phần tử, th&igrave; Dictionary (Dict) d&ugrave;ng <strong>Key (Kh&oacute;a)</strong> để t&igrave;m <strong>Value (Gi&aacute; trị)</strong>. N&oacute; giống như một cuốn từ điển thực sự: bạn t&igrave;m từ kh&oacute;a (Key) để xem phần giải nghĩa (Value) của n&oacute;.</p><p><strong>Đặc điểm:</strong></p><ul><li>Dữ liệu lưu dưới dạng cặp <code>Key: Value</code>.</li><li>Kh&ocirc;ng c&oacute; thứ tự cố định (từ Python 3.7 trở l&ecirc;n th&igrave; c&oacute; giữ thứ tự th&ecirc;m v&agrave;o, nhưng ta vẫn lu&ocirc;n truy xuất bằng Key).</li><li><strong>Key phải l&agrave; duy nhất</strong> v&agrave; thường l&agrave; chuỗi (String) hoặc số.</li></ul><p><strong>C&uacute; ph&aacute;p:</strong> D&ugrave;ng ngoặc nhọn <code>{}</code>.</p><div class=\"code-block\"><pre><code><span class=\"hljs-comment\"># Thay v&igrave; d&ugrave;ng List kh&oacute; nhớ index, ta d&ugrave;ng Dict để m&ocirc; tả một thực thể</span>\ncandidate_profile = {\n    <span class=\"hljs-string\">\"name\"</span>: <span class=\"hljs-string\">\"Nguyễn Văn A\"</span>,\n    <span class=\"hljs-string\">\"email\"</span>: <span class=\"hljs-string\">\"nva@gmail.com\"</span>,\n    <span class=\"hljs-string\">\"skills\"</span>: [<span class=\"hljs-string\">\"Python\"</span>, <span class=\"hljs-string\">\"React\"</span>, <span class=\"hljs-string\">\"Laravel\"</span>],\n    <span class=\"hljs-string\">\"status\"</span>: <span class=\"hljs-string\">\"Đang phỏng vấn\"</span>\n}\n</code></pre></div><h2>a. Truy xuất dữ liệu trong Dictionary</h2><p>C&oacute; hai c&aacute;ch để lấy gi&aacute; trị ra: d&ugrave;ng ngoặc vu&ocirc;ng <code>[]</code> hoặc phương thức <code>.get()</code>.</p><div class=\"code-block\"><pre><code><span class=\"hljs-comment\"># C&aacute;ch 1: D&ugrave;ng ngoặc vu&ocirc;ng (Sẽ b&aacute;o lỗi nếu Key kh&ocirc;ng tồn tại)</span>\nprint(candidate_profile[<span class=\"hljs-string\">\"name\"</span>])  <span class=\"hljs-comment\"># Output: Nguyễn Văn A</span>\n\n<span class=\"hljs-comment\"># C&aacute;ch 2: D&ugrave;ng .get() (An to&agrave;n hơn, trả về None nếu Key kh&ocirc;ng tồn tại)</span>\nprint(candidate_profile.get(<span class=\"hljs-string\">\"experience\"</span>))  <span class=\"hljs-comment\"># Output: None</span>\n</code></pre></div><h2>b. Th&ecirc;m, Sửa v&agrave; X&oacute;a trong Dictionary</h2><p>Dict l&agrave; cấu tr&uacute;c dữ liệu <strong>Mutable</strong> (c&oacute; thể thay đổi).</p><div class=\"code-block\"><pre><code><span class=\"hljs-comment\"># 1. Th&ecirc;m hoặc Sửa: Chỉ cần gọi Key v&agrave; g&aacute;n gi&aacute; trị</span>\n<span class=\"hljs-comment\"># Sửa trạng th&aacute;i (V&igrave; key \"status\" đ&atilde; tồn tại)</span>\ncandidate_profile[<span class=\"hljs-string\">\"status\"</span>] = <span class=\"hljs-string\">\"Đ&atilde; nhận việc\"</span>\n\n<span class=\"hljs-comment\"># Th&ecirc;m số điện thoại (V&igrave; key \"phone\" chưa tồn tại)</span>\ncandidate_profile[<span class=\"hljs-string\">\"phone\"</span>] = <span class=\"hljs-string\">\"0987654321\"</span>\n\n<span class=\"hljs-comment\"># 2. X&oacute;a: D&ugrave;ng từ kh&oacute;a del hoặc pop()</span>\n<span class=\"hljs-comment\"># X&oacute;a email</span>\ndel candidate_profile[<span class=\"hljs-string\">\"email\"</span>]\n\n<span class=\"hljs-comment\"># X&oacute;a v&agrave; lấy ra gi&aacute; trị trạng th&aacute;i</span>\ncurrent_status = candidate_profile.pop(<span class=\"hljs-string\">\"status\"</span>)\n</code></pre></div>', 1, '2026-03-15 05:06:59.636', '2026-03-15 05:06:59.636'),
('cmmralrcl00146utn2oy1tgd9', 'cmmralrck00116utn4i77xgvh', 'Ứng dụng và So sánh các cấu trúc dữ liệu', '<h2>3. Kiến Thức Thực Tế (G&oacute;c nh&igrave;n chuy&ecirc;n gia)</h2><p>Khi bạn x&acirc;y dựng hệ thống web, đặc biệt l&agrave; viết API, Dictionary ch&iacute;nh l&agrave; \"linh hồn\". Mọi dữ liệu giao tiếp giữa Frontend v&agrave; Backend (hoặc giữa client v&agrave; server) hiện nay hầu hết đều d&ugrave;ng chuẩn <strong>JSON</strong>.</p><p>Về bản chất, JSON v&agrave; Dictionary của Python c&ó; cấu tr&uacute;c cực kỳ giống nhau. Khi bạn call một đường dẫn API (v&iacute; dụ như gọi <code>api/ping</code> để kiểm tra server xem c&ó; bị lỗi 503 hay kh&ocirc;ng), cục dữ liệu trả về nếu th&agrave;nh c&ocirc;ng thường sẽ được Python parse (ph&acirc;n t&iacute;ch) thẳng th&agrave;nh một Dictionary để bạn dễ d&agrave;ng b&oacute;c t&aacute;ch th&ocirc;ng tin: <code>response[\"status\"]</code> hoặc <code>response[\"message\"]</code>. Nắm chắc Dictionary l&agrave; bạn đ&atilde; cầm chắc tấm v&eacute; để l&agrave;m việc với bất kỳ API n&agrave;o.</p><h2>4. Tổng Kết</h2><table><thead><tr><td><strong>Đặc điểm</strong></td><td><strong>List</strong></td><td><strong>Tuple</strong></td><td><strong>Dictionary</strong></td></tr></thead><tbody><tr><td><strong>C&uacute; ph&aacute;p</strong></td><td><code>[1, 2, 3]</code></td><td><code>(1, 2, 3)</code></td><td><code>{\"id\": 1, \"name\": \"A\"}</code></td></tr><tr><td><strong>Truy xuất</strong></td><td>Bằng Index (0, 1...)</td><td>Bằng Index (0, 1...)</td><td>Bằng Key</td></tr><tr><td><strong>Thay đổi (Mutable)</strong></td><td>C&oacute;</td><td><strong>Kh&ocirc;ng (Chỉ đọc)</strong></td><td>C&ó;</td></tr><tr><td><strong>Ứng dụng ch&iacute;nh</strong></td><td>Danh s&aacute;ch linh hoạt</td><td>Dữ liệu cố định, cấu h&igrave;nh</td><td>Lưu trữ đối tượng, API</td></tr></tbody></table>', 2, '2026-03-15 05:06:59.636', '2026-03-15 05:06:59.636'),
('cmmrc071h00196utnltha1g42', 'cmmrc071h00186utnqblnr73q', 'Khái niệm Set và Cú pháp cơ bản', '<h2>1. Set (Tập hợp) là gì?</h2><p>Nếu bạn còn nhớ môn Toán cấp 2, chúng ta đã từng học về \"Tập hợp\". <strong>Set</strong> trong Python được thiết kế y hệt như vậy.</p><p><strong>3 Đặc điểm cốt lõi của Set:</strong></p><ol><li><p><strong>Không có thứ tự (Unordered):</strong> Các phần tử trong Set không có vị trí (Index) cố định. Bạn in ra 10 lần thì thứ tự của chúng có thể đảo lộn 10 lần.</p></li><li><p><strong>Không chứa phần tử trùng lặp (Unique):</strong> Đây là \"siêu năng lực\" của Set. Nếu bạn cố tình đưa vào 5 phần tử giống nhau, Set sẽ tự động gộp chúng lại chỉ còn 1.</p></li><li><p><strong>Có thể thay đổi (Mutable):</strong> Bạn có thể thêm hoặc xóa phần tử trong Set.</p></li></ol><p><strong>Cú pháp:</strong> Dùng ngoặc nhọn <code>{}</code> giống Dictionary, nhưng <strong>chỉ chứa giá trị</strong> chứ không phải cặp <code>Key: Value</code>.</p><div class=\"code-block\"><pre><code class=\"code-container formatted\"># 1. Tạo một Set\nunique_numbers = {1, 2, 3, 4, 5}\n\n# 2. Tạo một Set từ List có phần tử trùng lặp (Kỹ thuật cực hay dùng)\ntags_list = [\"python\", \"web\", \"python\", \"ai\", \"web\"]\ntags_set = set(tags_list)\n\nprint(tags_set) \n# Output sẽ tự động lọc trùng: {\'ai\', \'python\', \'web\'} (Thứ tự có thể khác)\n\n# 3. CHÚ Ý: Tạo Set rỗng\nempty_set = set() # Phải dùng set(), nếu dùng {} Python sẽ hiểu là Dictionary rỗng\n</code></pre></div>', 0, '2026-03-15 05:46:12.773', '2026-03-15 05:46:12.773'),
('cmmrc071h001a6utnhv1jxwse', 'cmmrc071h00186utnqblnr73q', 'Thao tác với Set, Ứng dụng và Tổng quan', '<h2>2. Các thao tác cơ bản với Set</h2><p>Vì không có Index, bạn <strong>không thể</strong> truy xuất Set bằng kiểu <code>my_set[0]</code>. Thay vào đó, chúng ta thường dùng vòng lặp để duyệt qua Set, hoặc dùng các phương thức sau:</p><h3>a. Thêm và Xóa</h3><div class=\"code-block\"><pre><code class=\"code-container formatted\">skills = {\"HTML\", \"CSS\"}\n\n# Thêm 1 phần tử\nskills.add(\"JavaScript\")\n\n# Xóa 1 phần tử (sẽ báo lỗi nếu không tồn tại)\nskills.remove(\"CSS\")\n\n# Xóa an toàn (không báo lỗi nếu không tồn tại)\nskills.discard(\"React\") \n</code></pre></div><h3>b. Các phép toán Tập hợp (Toán học)</h3><p>Đây là lúc Set thể hiện sức mạnh tuyệt đối khi bạn cần so sánh dữ liệu giữa 2 nhóm.</p><div class=\"code-block\"><pre><code class=\"code-container formatted\">group_A = {\"Python\", \"Java\", \"C++\"}\ngroup_B = {\"Python\", \"JavaScript\", \"PHP\"}\n\n# 1. Giao của 2 tập hợp (Lấy phần tử chung) - Dùng dấu &\nprint(group_A &amp; group_B) # Output: {\'Python\'}\n\n# 2. Hợp của 2 tập hợp (Lấy tất cả, không lấy trùng) - Dùng dấu |\nprint(group_A | group_B) # Output: {\'Java\', \'C++\', \'Python\', \'JavaScript\', \'PHP\'}\n\n# 3. Hiệu của 2 tập hợp (Có ở A nhưng không có ở B) - Dùng dấu -\nprint(group_A - group_B) # Output: {\'Java\', \'C++\'}\n</code></pre></div><hr><h2>3. Kiến Thức Thực Tế (Góc nhìn chuyên gia)</h2><p>Trong các dự án thực tế, Set được dùng nhiều nhất để <strong>làm sạch dữ liệu</strong> và <strong>tăng tốc độ tìm kiếm</strong>.</p><p>Giả sử bạn có một danh sách 1 triệu ID người dùng đã truy cập website và bạn muốn kiểm tra xem ID <code>9999</code> có nằm trong đó không.</p><ul><li><p>Nếu lưu bằng <strong>List</strong>: Python phải tìm từ đầu đến cuối, mất thời gian <span class=\"math-inline\">$O(n)$</span>.</p></li><li><p>Nếu lưu bằng <strong>Set</strong>: Python sử dụng một cơ chế gọi là Hash Table, nó có thể biết ngay lập tức ID đó có tồn tại hay không, mất thời gian chỉ <span class=\"math-inline\">$O(1)$</span> (nhanh như chớp).</p></li></ul><blockquote><p><strong>💡 Mẹo:</strong> Bất cứ khi nào bạn nhận được yêu cầu: <em>\"Hãy lọc ra danh sách các thẻ tag duy nhất từ các bài viết\"</em> hoặc <em>\"Tìm những nhân viên có mặt ở cả ca sáng và ca chiều\"</em>, hãy nghĩ ngay đến <strong>Set</strong>.</p></blockquote><hr><h2>4. Bảng Tổng Kết \"Tứ Đại Kim Cương\"</h2><p>Đây là bảng \"cứu cánh\" bạn nên ghi nhớ để chọn đúng cấu trúc dữ liệu khi thiết kế phần mềm:</p><table><thead><tr><td><strong>Đặc điểm</strong></td><td><strong>List []</strong></td><td><strong>Tuple ()</strong></td><td><strong>Dictionary {}</strong></td><td><strong>Set {}</strong></td></tr></thead><tbody><tr><td><strong>Có thứ tự (Index)</strong></td><td>✅ Có</td><td>✅ Có</td><td>❌ Không (Dùng Key)</td><td>❌ Không</td></tr><tr><td><strong>Cho phép trùng lặp</strong></td><td>✅ Có</td><td>✅ Có</td><td>❌ Không (Key phải duy nhất)</td><td>❌ Không</td></tr><tr><td><strong>Sửa đổi (Mutable)</strong></td><td>✅ Có</td><td>❌ Không (Chỉ đọc)</td><td>✅ Có</td><td>✅ Có</td></tr><tr><td><strong>Ứng dụng tốt nhất</strong></td><td>Dữ liệu có thứ tự, cần sắp xếp</td><td>Dữ liệu cố định, cấu hình</td><td>Lưu trữ đối tượng, mô tả thực thể</td><td>Lọc trùng lặp, kiểm tra tồn tại cực nhanh</td></tr></tbody></table>', 1, '2026-03-15 05:46:12.773', '2026-03-15 05:46:12.773');

--
-- Dumping data for table `user`
--

INSERT IGNORE INTO `User` (`id`, `email`, `password`, `name`, `role`, `avatar`, `createdAt`, `updatedAt`) VALUES
('cmm5yy9yw0000hu5x013xizhb', 'teacher@example.com', '58d150f196cd42325605f9395d26d9283d4217999e13047cb388fe00f6ea6f11', 'Giảng viên Demo', 'teacher', NULL, '2026-02-28 06:57:38.552', '2026-02-28 06:57:38.552'),
('cmm5yy9z30001hu5x7kb4o0mg', 'student@example.com', '27b01429a0ba4424bba3c58079d6155daeb181b182f5488c79e1a4a780f6fb5b', 'Học sinh Demo', 'student', NULL, '2026-02-28 06:57:38.560', '2026-02-28 06:57:38.560'),
('cmmq82ca20000t4pno5i1wqhl', 'admin@example.com', 'c0acf24204f63dda5e1a43f434a9f1faebd1907474005c9ffb8ebc648c9ecf2a', 'Quản trị viên', 'admin', NULL, '2026-03-14 11:08:08.234', '2026-03-14 11:08:08.234');
COMMIT;

/*!40101 SET CHARACTER_SET_CLIENT=@OLD_CHARACTER_SET_CLIENT */;
/*!40101 SET CHARACTER_SET_RESULTS=@OLD_CHARACTER_SET_RESULTS */;
/*!40101 SET COLLATION_CONNECTION=@OLD_COLLATION_CONNECTION */;
